BatchID,CropType,FarmLocation,SoilMoisture%,TemperatureC,Rainfallmm,Fertilizerkgperha,Yieldtonnesperha,PestRiskScore,HarvestRobotUptime%,HarvestDate,StorageTemperatureC,Humidity%,SpoilageRate%,GradingScore,PredictedShelfLifedays,StorageDays,ProcessType,PackagingType,PackagingSpeedunitspermin,DefectRate%,MachineryUptime%,TransportMode,TransportDistancekm,FuelUsageLper100km,DeliveryTimehr,DeliveryDelayFlag,SpoilageInTransit%,RetailInventoryunits,SalesVelocityunitsperday,DynamicPricingIndex,WastePercentage%,HouseholdWastekg,RecipeRecommendationAccuracy%,SatisfactionScore010,WasteType,SegregationAccuracy%,UpcyclingRate%,BiogasOutputm3,minprice,maxprice,modalprice,marketname,latitude,longitude
FarmCB00001,tomato,FarmCField1,55.297273,18.52659679,155.3450615,74.00377163,4.305003408,98.59807742,78.00255823,2023-01-30,7.166057284,81.23966397,12.7641596,B,25.63733533,7.084062813,Canning,Glass,110.3676424,5.814014351,89.87960372,Train,1969.825071,15.03939193,11.66540822,0,2.083196536,1345.894426,172.843204,0.814571856,13.06324048,4.834216313,93.85753966,5.655793953,Organic,98.47726144,75.39073362,17.53900702,817,2470,1331,KR Market,12.97374223,77.59724659
FarmCB00002,lettuce,FarmCField2,67.54809958,32.00350911,124.1933728,173.1741446,4.925113188,58.03200678,80.45390329,2023-02-16,5.838066491,75.84624601,12.3998554,B,24.0202977,14.8096448,Drying,Aluminum,96.06162787,5.852225738,73.10247982,Truck,363.2582948,24.07517313,60.24032998,1,7.749222902,1175.318218,77.03489684,1.405123304,10.53226081,1.493271751,85.42746738,6.968174282,Packaging,92.78158391,59.16467929,63.33016261,516,1517,971,Yeshwanthpur Market,13.02653616,77.49547611
FarmCB00003,rice,FarmCField3,59.48478371,18.26663335,67.69549857,172.9690617,4.174689087,88.42119691,82.67337052,2023-02-28,7.68530988,73.4028391,10.27719513,A,21.63193608,7.864004692,Drying,Aluminum,368.0139973,7.170324613,86.65783786,Ship,705.7415341,40.28391661,38.52195072,0,7.059586593,6591.908595,273.7038025,0.840758371,8.193453133,1.227293678,85.54691576,5.230550466,Mixed,97.69313892,15.32151584,59.66657222,494,1439,836,Nelamangala Market,13.10751081,77.39328519
FarmCB00004,potato,FarmCField1,59.7942204,31.16690883,8.974195778,193.6819926,3.024628346,93.00612681,81.59677347,2023-03-03,6.60526215,88.4755111,26.1882515,B,28.04260976,19.34661686,Drying,Glass,332.5889175,8.4412226,82.78440875,Truck,1017.396741,19.5539115,66.15874773,0,13.26049798,1030.735859,177.2874841,0.696503903,18.78796425,3.764560552,76.27822066,6.632535081,Packaging,87.3941574,58.181366,21.80723493,489,1425,973,KR Market,12.9605885,77.59841195
FarmCB00005,lettuce,FarmCField2,34.35542381,27.35127627,53.04645609,191.075142,5.235827909,40.37418109,84.2770193,2023-04-02,2.369032711,89.97223802,24.87348956,C,27.03950433,19.82490444,Drying,Aluminum,128.3857064,6.717910887,79.0384461,Train,1075.529022,45.63352654,33.48249455,0,12.03201243,7896.923589,250.031658,0.780911844,12.35141027,4.923427541,90.76240386,5.999318856,Mixed,90.47221911,10.52795199,17.73607371,540,1558,951,Yeshwanthpur Market,13.01701504,77.49769528
FarmCB00006,lettuce,FarmCField3,49.7454109,23.04827284,1.503411684,217.3407837,3.27068132,57.9414304,72.08357862,2023-04-20,3.775148256,85.45507461,14.01387128,A,10.4656788,12.75302436,Canning,Aluminum,227.726203,9.390768768,70.18286454,Air,1002.377227,39.44227952,44.81336053,0,4.589604887,7348.199599,470.2848843,1.311800142,11.18663284,3.882324342,84.41970163,5.242033135,Packaging,93.41910874,77.25499405,54.9140431,475,1535,870,Nelamangala Market,13.10951618,77.39029718
FarmCB00007,wheat,FarmCField1,64.67004144,28.51821282,177.8395011,253.0903273,5.995136657,48.65055915,80.92112467,2023-04-27,6.493676016,75.37246412,20.35030292,C,25.08866369,19.70134359,Drying,Glass,360.7505469,5.318627821,75.67239511,Air,927.1518834,48.21897508,29.24772872,0,12.18533842,8785.542543,286.4800833,0.890010547,19.54280006,2.198451032,88.18347516,6.175678303,Mixed,97.34392071,25.22621217,78.48888211,487,1467,966,KR Market,12.96996688,77.59411244
FarmCB00008,tomato,FarmCField2,30.73020431,15.44615151,33.64897887,294.358892,4.674240394,85.53238285,74.02006658,2023-04-30,2.327421748,73.4517295,12.32702076,B,13.2277007,15.1365076,Freezing,Plastic,391.7365785,8.204960575,87.76413043,Truck,1002.232468,21.89077037,37.337845,1,13.56006272,1377.515812,55.64186864,1.387793351,15.83530368,1.805533925,92.19417299,5.099946733,Mixed,89.29050899,36.4963446,28.88374088,847,2510,1414,Yeshwanthpur Market,13.02529907,77.49775363
FarmCB00009,lettuce,FarmCField3,37.31614883,22.19524335,162.3962125,90.29707864,5.754579999,44.34099843,83.48101188,2023-05-01,5.278386604,88.70003286,16.27910953,A,15.37912191,8.840570928,Fresh,Aluminum,209.7266298,9.127198402,77.88824745,Train,1127.8167,23.21346528,18.11606251,0,6.662001446,8794.474186,129.0651107,1.415742938,17.56907207,4.945754692,90.21075365,5.384920364,Mixed,83.01811713,23.70506952,73.13790521,536,1428,890,Nelamangala Market,13.10533997,77.39568769
FarmCB00010,corn,FarmCField1,34.50719512,21.96706567,59.77725848,237.9292826,4.975799212,79.07797931,89.13715372,2023-05-15,7.018522991,93.3002724,12.45552886,A,8.465029892,4.355981424,Canning,Cardboard,298.6829223,7.777733689,89.81317148,Air,1781.636942,47.51112001,9.936291686,0,11.30347541,1722.895011,25.90846092,0.507031799,8.854761296,1.682494536,70.48635227,5.931530279,Packaging,83.82322021,71.38807703,30.32922824,651,1857,1155,KR Market,12.97862226,77.5922163
FarmCB00011,wheat,FarmCField2,64.13190637,20.21572076,65.01375683,70.57956173,5.580359814,72.9856021,79.59877122,2023-05-31,6.289189771,72.65363205,18.72987289,B,18.20821131,9.346065399,Drying,Aluminum,331.378535,7.493381917,70.90962273,Train,1307.378164,37.79930879,7.332397878,0,3.519067653,1811.476896,190.6972851,0.852084316,14.22091865,2.44868103,94.03111676,6.826901197,Mixed,95.68420278,36.49271227,27.69112313,490,1463,931,Yeshwanthpur Market,13.02303095,77.4932817
FarmCB00012,rice,FarmCField3,31.93816595,18.74158709,61.59160323,201.1996188,5.186228163,94.93330742,74.19789053,2023-06-03,5.553406412,74.27055449,10.84317056,C,22.61870483,16.30034413,Drying,Glass,307.0527486,7.226838244,74.25022005,Air,1775.856829,20.13638824,16.60285383,1,14.47076516,5552.655351,40.93717732,0.511373027,14.46586326,3.454999151,88.49342052,6.283176743,Mixed,97.33300876,44.89278438,18.21925534,478,1566,833,Nelamangala Market,13.09197233,77.38267808
FarmCB00013,lettuce,FarmCField1,49.97715581,28.61730266,94.74669495,161.6079783,4.229694182,96.90237847,76.52048261,2023-06-04,3.63833635,71.8164954,11.50728804,B,14.44073696,13.61591316,Fresh,Glass,55.79755832,6.076823419,89.2147476,Truck,700.7913933,24.83481897,15.26275399,0,14.41398339,5824.344932,360.6208827,0.510146523,10.61582353,0.86584061,86.76558592,5.244769362,Mixed,88.05191252,75.17839517,6.036103774,533,1548,952,KR Market,12.96263462,77.5962281
FarmCB00014,lettuce,FarmCField2,50.12359476,32.57310774,83.5616861,281.4632349,3.201944786,45.8194311,85.03948982,2023-06-10,5.363827435,72.90673561,17.27503399,C,11.06802978,10.07153425,Fresh,Cardboard,100.2419715,7.739620444,70.04793259,Air,1460.113574,41.84809599,65.1280577,1,10.45184626,4619.21297,47.07405314,0.850251186,9.856692132,2.38531104,89.71224926,6.089243147,Mixed,89.92382718,48.48005602,88.76359305,512,1493,936,Yeshwanthpur Market,13.02627079,77.50878736
FarmCB00015,lettuce,FarmCField3,60.5890854,31.17517079,139.1876543,209.8983116,3.292293679,98.47425995,73.25465219,2023-06-16,7.209209405,80.80496738,25.01307541,B,15.13642189,1.530145373,Canning,Cardboard,280.3610806,11.62145538,79.95227591,Truck,982.952254,18.73102453,4.467923155,0,11.34690358,6281.558013,495.5605566,1.35348605,13.39450825,3.981646042,85.60241554,6.929640691,Mixed,82.59695385,22.73670471,87.67338168,547,1510,969,Nelamangala Market,13.09863162,77.39680037
FarmCB00016,potato,FarmCField1,43.89915668,18.60213212,5.806860214,175.9843003,3.57994736,72.62478212,88.35732129,2023-06-24,5.244890071,83.25360714,12.89450278,C,23.43362494,3.470577188,Canning,Glass,133.0513988,8.614858817,82.21919043,Air,1830.69872,36.21098389,59.80346259,0,1.156868833,3586.240376,214.3248599,1.386834385,18.61960773,1.698287835,90.03828544,5.641809908,Organic,87.36450536,69.33529947,24.36770973,487,1541,883,KR Market,12.96440475,77.58678982
FarmCB00017,potato,FarmCField2,67.25675728,25.47099836,84.58539373,121.3355979,5.946597751,80.63505757,78.45519291,2023-06-24,4.747502207,73.54139297,17.35864026,B,27.50946945,12.78988864,Canning,Glass,370.4719568,7.385599402,86.82108739,Train,1128.521117,36.70466809,41.07689782,0,12.65266769,6131.600386,323.5764201,1.382511819,18.24669458,0.230096719,73.48812564,6.704130005,Packaging,94.08292459,23.45694324,5.595157553,485,1595,845,Yeshwanthpur Market,13.01572129,77.49566573
FarmCB00018,tomato,FarmCField3,41.96823663,27.83133201,2.819634365,132.1776392,4.739485384,82.38712038,78.5339958,2023-06-25,4.362841653,88.58809548,21.8184105,B,7.362012831,12.88475965,Canning,Aluminum,459.8584861,5.041086185,83.42922366,Truck,1788.950005,36.30694328,33.30553299,0,6.888386842,7811.031652,406.762725,0.674333221,16.46222616,0.744701435,94.76937351,6.728780729,Organic,80.35431927,28.1626712,63.10208648,823,2440,1388,Nelamangala Market,13.09206342,77.38175103
FarmCB00019,potato,FarmCField1,52.04517935,33.34899421,194.730134,264.0730448,4.923670388,42.79861726,83.55717549,2023-06-29,2.473159157,85.28731998,13.78813692,C,14.93574346,18.42305882,Fresh,Aluminum,340.5768046,8.172132045,77.6486641,Ship,644.5579083,35.41573074,42.2195828,0,6.904226846,207.9933558,68.4242393,0.599026545,16.01465913,0.783858648,83.75877505,5.180413348,Organic,96.1487233,70.50516258,42.17623848,458,1536,941,KR Market,12.96200766,77.58793338
FarmCB00020,rice,FarmCField2,32.30221038,27.53791677,178.7452498,112.7310804,3.602711754,96.7555744,82.17466476,2023-07-02,4.551709204,81.24600669,29.42306291,C,9.192007425,11.46738285,Canning,Aluminum,83.50482347,6.556828513,76.14491536,Train,856.2330308,48.24529418,46.36340536,0,5.942464579,4940.857481,38.98052257,1.335377547,16.74880175,0.814907966,97.27800866,6.211974099,Packaging,80.14232788,73.40169563,84.57207175,459,1432,894,Yeshwanthpur Market,13.02816379,77.50634141
FarmCB00021,rice,FarmCField3,53.8122721,33.6552774,117.6378958,161.9425279,3.219765599,41.13858507,87.18225111,2023-07-03,6.325127325,70.63005152,27.66903463,C,10.21905844,15.95357414,Freezing,Cardboard,277.6314598,10.21480456,76.4152888,Ship,565.1888105,39.86741693,36.53956414,0,0.823351817,5207.817744,13.19614001,0.812897327,9.136521708,4.78496992,95.97089411,5.172784954,Mixed,98.03241407,45.39788333,34.66948511,487,1599,837,Nelamangala Market,13.10606889,77.38325202
FarmCB00022,wheat,FarmCField1,55.72176604,18.31327687,103.8200369,231.0219346,4.561658257,58.26139339,73.20425617,2023-07-05,7.53021451,83.10227314,25.21583729,A,7.05523431,15.48333568,Freezing,Cardboard,419.4026532,6.571059345,85.94525152,Air,683.7689839,29.90090746,21.59121637,1,14.45229671,7520.174732,469.6061061,1.131520494,8.773177501,4.618852805,89.79877819,6.617036083,Packaging,95.32972329,36.98053147,24.29599228,544,1484,878,KR Market,12.96067322,77.58559554
FarmCB00023,tomato,FarmCField2,59.6477613,26.09959977,85.37562062,123.0397086,5.62342098,60.55043407,74.36822698,2023-07-23,7.98232845,83.68886401,18.71681109,C,10.33932361,11.30473437,Drying,Glass,223.7229945,7.434978815,81.08953048,Ship,604.1611147,25.6255682,32.92922813,0,3.639472468,5609.467254,43.0848008,0.984880268,12.29746579,4.67276678,97.98894396,5.256440908,Mixed,90.18015667,70.96260799,89.9882916,769,2539,1416,Yeshwanthpur Market,13.0209579,77.49578671
FarmCB00024,potato,FarmCField3,33.95650602,24.64445004,173.823394,248.3445254,5.569433411,95.37299428,79.95958248,2023-08-21,7.533952798,87.26091327,29.32074181,C,5.936355806,17.96362869,Fresh,Glass,86.66821975,10.2489914,75.1381803,Ship,1750.016231,26.92352941,22.90506433,0,4.671894362,1981.87459,389.5082336,0.811547317,10.74168947,4.99380248,97.59776652,6.514689689,Packaging,88.36557346,27.18791366,51.59532339,450,1559,973,Nelamangala Market,13.10789803,77.38450241
FarmCB00025,potato,FarmCField1,43.79102373,23.17216076,91.14463295,120.2119619,4.040805854,62.95224335,72.51170436,2023-08-25,3.164656349,91.84102015,25.17381759,A,14.5040114,12.49236549,Canning,Cardboard,495.3648572,5.044796849,89.75079991,Ship,1587.569667,25.34697325,20.80732718,0,14.52358257,2927.431168,466.1503302,0.738864073,11.23351278,3.134322351,71.35820603,5.452089955,Mixed,80.21207953,56.06011809,28.86868758,461,1442,876,KR Market,12.97350241,77.58112711
FarmCB00026,lettuce,FarmCField2,57.57016116,29.85224513,49.26025253,175.3982601,4.44749839,83.53709225,78.73406243,2023-09-02,6.943721476,76.4323924,20.40378575,A,26.78550013,8.035211476,Fresh,Cardboard,246.8243012,11.49338411,84.91288872,Air,206.3435736,24.01880268,57.20608224,1,8.383244799,6905.893541,358.6066695,0.90384788,12.16978833,0.585280367,96.89107207,6.345753928,Organic,85.41369021,37.83348311,41.23544733,540,1407,837,Yeshwanthpur Market,13.01690906,77.49836031
FarmCB00027,wheat,FarmCField3,37.28648048,22.02900666,113.0325929,210.1418947,3.141690885,89.46984716,79.07646359,2023-09-05,4.507078803,74.84579736,19.2867661,B,29.17795572,19.27443441,Fresh,Cardboard,415.4883444,5.198700209,83.18375748,Truck,118.9478487,24.15716119,57.9214261,0,11.67846692,4953.097379,23.16236828,0.982931917,10.18120723,0.922581993,86.83841184,5.554729619,Mixed,80.82009974,15.38485508,19.7431172,547,1462,943,Nelamangala Market,13.09227641,77.3878265
FarmCB00028,corn,FarmCField1,30.10164971,25.79163163,133.3671817,123.5318893,3.382519818,45.15423559,80.07959503,2023-09-05,2.431618225,84.27217311,10.25365359,B,26.65200255,1.720765906,Fresh,Cardboard,51.01274205,7.450308838,85.24367634,Train,1910.975487,23.66201215,70.63573722,0,7.343133226,7759.894514,154.865041,1.151565,17.10260041,0.111119515,88.44179611,6.214282188,Mixed,96.14195181,24.7015669,13.26536039,726,1764,1083,KR Market,12.97744124,77.58859665
FarmCB00029,tomato,FarmCField2,40.70216657,25.06255446,65.76734555,222.9493602,4.159723644,43.33253177,71.95388923,2023-09-08,2.158717251,76.67724892,11.95080738,B,12.83575058,11.29941947,Drying,Cardboard,360.2183267,10.66222041,86.50595692,Air,1522.302894,39.25108049,29.54593536,0,8.812656383,2394.793076,495.5560953,1.064300948,18.22456399,0.514600949,71.78663299,6.760396663,Mixed,93.33464862,61.42701254,32.83556422,807,2553,1365,Yeshwanthpur Market,13.02362054,77.4972161
FarmCB00030,rice,FarmCField3,57.96510579,34.73711484,73.19088699,228.0441755,5.858784465,98.4604286,73.10423474,2023-09-10,7.813885318,74.77512674,19.03784661,B,6.397848101,14.76434895,Fresh,Plastic,277.1833503,5.015539306,89.9507731,Ship,1769.479317,32.04753694,65.7962507,0,9.027161006,5488.206593,172.2623361,1.332317828,18.98111771,0.175432448,83.6024545,5.142183352,Packaging,88.95916024,49.29577503,10.56622928,483,1494,894,Nelamangala Market,13.1015049,77.38751157
FarmCB00031,corn,FarmCField1,46.75737587,17.52464571,178.5010487,155.9456087,3.61923275,82.47217109,75.91359862,2023-09-11,3.682652302,88.87105292,13.87277179,B,15.54387209,11.0142967,Fresh,Aluminum,123.4652684,8.201601432,75.809812,Ship,1208.811485,40.20338502,49.090257,0,14.42991017,6519.641237,235.0562305,1.295355368,17.04405842,2.993589086,77.00658345,6.626557972,Mixed,87.7842937,74.99758622,21.2700046,652,1747,1062,KR Market,12.97994915,77.59235279
FarmCB00032,wheat,FarmCField2,42.76299826,29.38908659,171.55227,178.3010382,5.262714177,65.46305689,87.21813097,2023-09-13,7.090039087,73.08465829,21.93324694,C,7.418519429,12.11059189,Canning,Cardboard,65.67349058,8.671042929,70.69481356,Truck,1319.561921,20.86322676,22.05305419,1,10.64073401,1890.970025,383.1234947,1.440249057,9.922664385,2.312272327,74.50888549,6.733609001,Organic,92.45618368,28.87152373,41.00367911,457,1598,945,Yeshwanthpur Market,13.02936257,77.49325621
FarmCB00033,potato,FarmCField3,38.48778582,21.09141224,193.216935,81.32986731,5.836664741,82.94414972,76.18516827,2023-09-15,7.486763587,76.05652378,14.90357732,C,11.63357144,19.73993615,Fresh,Cardboard,221.7487768,10.04220889,81.82128312,Truck,1870.421435,45.02570547,38.12966605,1,3.727749108,1202.43947,498.0488729,0.680335654,8.920299664,2.829379438,89.02467162,6.572571117,Packaging,81.33563453,73.31818133,27.48542191,547,1503,863,Nelamangala Market,13.10177125,77.38839811
FarmCB00034,potato,FarmCField1,42.52100893,29.49801683,44.25536468,85.72752025,4.372048509,50.80069147,80.53577948,2023-10-08,2.202967022,77.22844997,12.70741027,B,17.03877315,5.117780016,Canning,Glass,316.9682869,11.87461846,71.98533952,Truck,219.0987988,34.33169962,64.54455019,0,10.79117024,9263.637984,440.703672,1.364334271,9.66442453,1.827223135,88.9746847,5.272395711,Mixed,87.23962822,31.38508853,70.14414687,525,1541,837,KR Market,12.96056854,77.59519104
FarmCB00035,wheat,FarmCField2,44.81759554,22.80233719,159.6626705,243.5884775,5.865828477,62.17815821,72.50037569,2023-10-10,6.619160845,87.14530981,14.51803693,C,13.85428085,4.58085852,Canning,Aluminum,74.45266898,6.356551952,87.56609094,Ship,531.6704378,43.59839881,42.24779891,0,3.632105148,7113.242416,309.9236204,1.285869485,16.87816533,0.513646152,90.69761034,5.310201428,Packaging,91.50807891,37.8994277,2.798417705,481,1532,964,Yeshwanthpur Market,13.02534089,77.50108625
FarmCB00036,corn,FarmCField3,35.28330717,31.32737749,78.85968513,68.96082715,5.230144626,97.90624081,73.24481555,2023-10-25,7.323093999,93.6259844,22.80798305,A,14.43517992,7.565378446,Drying,Plastic,238.8587821,8.948463102,84.00307072,Truck,1262.715188,15.83891251,50.93324322,0,10.88194543,5701.483749,254.5581178,0.74884227,12.64367902,2.936529216,70.7414279,5.420604838,Mixed,88.65751325,10.95818393,91.30493688,650,1855,1145,Nelamangala Market,13.09589076,77.38188855
FarmCB00037,corn,FarmCField1,57.09197923,23.96730119,173.9525409,115.431047,4.451900996,52.19651949,80.06758058,2023-10-29,6.493667462,80.20299932,12.60485631,C,25.96505847,8.678416116,Freezing,Aluminum,475.4253249,11.84745199,81.83862637,Ship,1586.463485,40.6824916,8.800075906,0,14.67819668,3976.217154,372.4437327,1.153734002,9.611105101,3.966193983,98.02859225,6.173851639,Mixed,81.31006494,32.50036714,38.33858608,665,1871,1050,KR Market,12.96256899,77.5993982
FarmCB00038,corn,FarmCField2,50.39226885,21.1680102,197.2023903,146.5567786,3.5584404,48.90217968,75.41918983,2023-11-01,3.247835132,76.86218994,16.32400458,A,7.762452507,18.57988073,Drying,Aluminum,221.3891784,11.18831833,74.05390906,Train,1735.333601,36.50979704,35.78225259,0,11.09652096,1522.565943,280.3245969,0.782058761,19.50834417,3.543536436,96.52905076,5.976904121,Organic,92.80812789,44.84375821,85.31263374,713,1807,1126,Yeshwanthpur Market,13.02581023,77.50856602
FarmCB00039,wheat,FarmCField3,64.2970428,23.44209155,53.86892131,71.36973896,4.003225887,56.50201879,86.28922337,2023-11-03,2.618365065,88.00532354,25.92206811,C,7.925412944,15.24019529,Drying,Aluminum,65.64226304,10.50711322,73.80596399,Train,345.409143,23.73268631,43.46101127,0,14.19660427,1617.040125,198.8198399,1.228273292,10.65299821,0.452339771,71.93684658,5.439375301,Packaging,92.25969901,35.33102661,24.31040108,469,1455,822,Nelamangala Market,13.09055864,77.38003822
FarmCB00040,lettuce,FarmCField1,30.01455101,26.69910492,117.553215,59.42370427,5.138028787,59.99184938,79.15981791,2023-11-05,3.638103911,83.07106049,10.78595243,C,15.5170583,15.10022588,Drying,Plastic,191.8750515,10.01974884,83.74301046,Truck,1027.311436,28.01451736,69.55449153,0,13.07518886,840.2138306,136.991632,1.298127774,14.39297155,1.460533434,81.36928872,6.585562349,Organic,97.70757175,66.16048266,30.03913737,547,1467,955,KR Market,12.97476648,77.59825848
FarmCB00041,tomato,FarmCField2,61.16579995,27.06921651,16.65984524,52.921438,3.412875063,69.73484664,82.81878025,2023-11-07,5.406060881,94.73308081,25.20063719,B,9.474248289,17.24285953,Fresh,Glass,400.3364969,9.097108531,86.48642963,Truck,1245.518513,48.94365543,64.18908771,0,4.77732275,5527.732566,447.9955821,1.38845097,17.58900563,3.616286214,95.66672446,5.797181543,Organic,94.15070448,28.09230632,8.267558943,766,2442,1331,Yeshwanthpur Market,13.01090155,77.4963422
FarmCB00042,wheat,FarmCField3,61.69180712,18.01282135,183.0027179,194.4374992,5.861242668,56.77483331,83.1732214,2023-11-18,4.227854694,80.98516524,21.8689522,B,26.11488002,14.58086025,Fresh,Glass,98.88054896,6.137864445,89.82002006,Train,152.0546114,22.23771936,10.36823206,0,2.178279146,2986.17691,484.3643611,0.527251264,10.59762661,3.992630878,95.05113795,5.462550155,Organic,92.70017261,46.77354828,42.62761548,506,1500,877,Nelamangala Market,13.09714498,77.38750623
FarmCB00043,lettuce,FarmCField1,32.5655859,21.93826681,59.07427759,299.1751772,5.231153359,61.23635993,79.81788851,2023-12-13,3.396408102,74.55783198,26.7047402,C,13.51816282,8.348860037,Freezing,Glass,358.7328447,7.613248337,72.13920975,Air,1476.758683,33.42852445,71.54894569,0,7.066220767,6661.866441,347.0220529,1.154148642,11.65073597,0.130267932,71.24050643,5.346233699,Packaging,81.05037945,49.95144345,19.68155794,500,1515,832,KR Market,12.96203955,77.59392812
FarmCB00044,corn,FarmCField2,47.20076078,18.27803481,78.79991817,87.49405814,4.60718928,76.82907127,78.9906719,2024-01-02,6.289642887,72.91344305,12.32936901,B,8.980084749,15.68015528,Fresh,Plastic,253.28807,11.05335067,80.26018833,Truck,1573.457001,40.93598332,9.282945152,0,3.919719385,1244.316037,54.90922856,0.564688758,18.98468534,1.071758144,73.57484294,6.30884862,Mixed,85.43348623,65.47083247,10.58336609,713,1881,1070,Yeshwanthpur Market,13.01204931,77.49475671
FarmCB00045,corn,FarmCField3,43.86097432,29.72843243,7.362708517,219.0946028,5.455693148,83.85979053,87.64695028,2024-01-05,3.861417503,94.00253143,16.68708568,C,10.77822062,16.64071454,Fresh,Glass,360.0549478,11.7985271,78.09847815,Truck,1599.852021,29.45026126,19.74681089,1,1.960458341,1010.99272,34.78707742,1.1830152,13.08952264,0.694254611,78.65813637,6.525678552,Packaging,80.68394354,11.4322742,35.21138633,692,1878,1111,Nelamangala Market,13.10499056,77.38531925
FarmCB00046,tomato,FarmCField1,63.66700969,18.95512719,105.8719664,201.4792982,5.996296522,94.62520493,80.82735455,2024-01-17,3.610962802,72.80851952,20.37332195,B,10.65155855,1.426047127,Drying,Aluminum,97.69445986,10.57192935,83.9001071,Train,1469.977609,40.49438371,16.6786056,0,14.61750939,6305.146414,183.4577073,0.851774994,9.544970759,1.224605073,85.85440425,6.599498692,Mixed,86.80134193,37.33758214,32.4821198,787,2520,1339,KR Market,12.96641246,77.59166202
FarmCB00047,potato,FarmCField2,49.3649818,31.71529739,115.5962652,203.8083354,5.991934043,81.76617785,78.45327125,2024-01-20,2.489053209,84.36581799,18.30116437,A,23.51866902,3.798975944,Drying,Aluminum,77.00930066,9.218340047,83.17724208,Train,131.6393604,45.36939797,52.8575194,0,14.42224654,360.790468,215.4212032,1.497298447,10.08373823,2.53170211,80.43869021,6.4745989,Packaging,91.2599559,60.97820209,77.64788968,455,1575,946,Yeshwanthpur Market,13.02615147,77.49093441
FarmCB00048,rice,FarmCField3,40.35120934,23.54162199,149.3069449,256.1590964,4.04575896,84.44268884,82.27359474,2024-01-27,5.778569837,79.8945166,26.17460715,C,13.11568734,6.780412176,Fresh,Aluminum,57.47282578,8.249815248,81.67493767,Train,1161.002147,25.87915366,19.71268859,1,2.691845387,7372.355259,323.5734695,0.61185624,17.28111408,2.047902045,70.06795459,6.699427573,Mixed,94.57855472,36.20741794,67.20772875,547,1524,904,Nelamangala Market,13.09917444,77.3818544
FarmCB00049,tomato,FarmCField1,34.67702422,27.01699358,16.34535491,164.2122555,4.22912193,82.47369694,74.24028811,2024-02-09,3.290503295,91.90195057,14.63830545,B,9.386015905,8.209307552,Canning,Aluminum,493.252128,8.832024733,79.50913034,Ship,255.2376166,16.68866185,5.18548668,0,7.194941841,9683.804874,304.6621922,0.723840713,16.36123269,3.287025517,90.89738167,5.617907988,Packaging,89.88005795,26.38581476,56.44612127,784,2411,1433,KR Market,12.97509387,77.58039148
FarmCB00050,corn,FarmCField2,54.64575032,22.68709848,133.1338722,234.0001314,5.332274005,98.52427759,89.89568571,2024-03-08,2.795911305,85.9504845,25.64057582,B,12.11600819,11.38368554,Fresh,Plastic,384.0147905,7.705876035,84.95466058,Air,760.4051736,41.58833745,33.96300127,0,7.775706095,1680.210736,166.6433528,0.665937594,14.57037147,4.193913509,92.73956345,5.902232759,Organic,91.91864412,15.11831414,66.60745409,679,1873,1061,Yeshwanthpur Market,13.01393729,77.49443074
FarmCB00051,lettuce,FarmCField3,44.06919863,26.87639224,74.76569855,131.4546315,4.277941456,52.72565146,79.26429318,2024-03-13,3.668387934,79.22895947,14.9088309,B,26.9923893,18.93623165,Freezing,Cardboard,355.8763221,6.284885099,71.16573528,Air,95.84339019,15.10460654,33.80751271,1,9.524080047,9348.669761,425.9570147,0.897822345,10.80429617,1.091285295,82.81645721,6.617469069,Organic,89.06770251,51.68707043,1.200031744,496,1519,838,Nelamangala Market,13.10763869,77.38699694
FarmCB00052,potato,FarmCField1,50.53831041,33.35502728,174.2656832,250.85586,5.866803372,85.39461261,71.41235939,2024-04-08,3.113740177,77.03927091,17.95537715,A,5.661731535,9.750852879,Fresh,Glass,410.6134648,11.62406557,84.05051085,Ship,1213.398217,35.17637462,57.99625032,1,4.197755408,3114.92741,271.9232688,1.27438822,16.1770839,0.052027637,98.27112399,6.480535441,Packaging,81.09896698,28.45124757,96.54337317,466,1464,896,KR Market,12.9780096,77.59992717
FarmCB00053,corn,FarmCField2,44.50129172,17.77710433,88.22284017,261.5634605,5.248014245,42.35767776,76.33600138,2024-05-19,3.595257913,71.83449484,25.72724651,A,13.71629525,11.2454611,Canning,Glass,252.8421521,11.85494253,85.7516532,Truck,1285.194981,22.08393775,22.96892932,0,3.744082508,3327.912471,312.2877955,1.118711309,13.37100884,1.654614279,70.40810529,5.250409933,Packaging,93.81497875,40.18800386,48.7912383,705,1860,1106,Yeshwanthpur Market,13.01513944,77.50234777
FarmCB00054,rice,FarmCField3,69.22702662,30.43321143,142.9287096,204.8525005,3.392940491,49.99501532,77.9076346,2024-05-21,2.371709772,85.72657089,10.76000967,B,13.04833062,2.614835974,Canning,Aluminum,152.5397291,10.25348908,75.6343554,Air,459.4859667,24.3967633,26.25545736,0,13.22732679,730.4072703,457.4262003,0.976857096,9.752934145,0.523921468,79.02167135,5.859121169,Organic,87.28187702,50.05163654,6.176359181,548,1596,850,Nelamangala Market,13.09338192,77.38701105
FarmCB00055,wheat,FarmCField1,46.2274351,28.30422102,149.5155156,85.64035643,4.954701161,44.32584186,70.72960549,2024-05-22,2.555189479,86.80774154,14.05388777,B,6.601192784,9.553752066,Canning,Cardboard,496.6595512,6.067085335,72.61542861,Truck,186.5558553,21.51322157,6.129718588,0,7.142928433,6774.916399,81.28152214,0.87211524,10.76814061,1.241557473,75.61847551,5.595801907,Mixed,80.62392157,79.13342319,16.10570963,506,1502,890,KR Market,12.96483706,77.58253567
FarmCB00056,rice,FarmCField2,62.13575873,23.11643262,149.6858268,230.470189,3.284004206,84.28107007,76.51409396,2024-05-25,4.683461491,80.98109103,17.43808577,B,22.45679466,8.228660003,Drying,Plastic,229.6192101,9.103062574,87.57066869,Ship,1862.844846,23.61499256,15.68475818,0,3.602006492,2421.808796,302.7103579,0.71193665,8.052743088,4.283289547,93.39637067,6.397846334,Mixed,95.76780775,69.71944509,50.10179508,493,1470,966,Yeshwanthpur Market,13.01058134,77.50092018
FarmCB00057,wheat,FarmCField3,57.07282018,34.42198266,142.5477565,268.5235006,4.992225419,78.9337862,73.39124138,2024-05-25,2.881304361,81.05963374,18.37598377,C,26.53501275,17.61690383,Canning,Glass,157.4324957,11.60777361,80.62032321,Truck,868.830481,21.57765361,6.15218269,1,8.738307497,1604.426698,71.29931629,1.301732404,9.577304261,2.132694936,91.38539869,5.017235774,Packaging,80.90554679,43.486642,39.40864388,467,1422,916,Nelamangala Market,13.10859443,77.38492389
FarmCB00058,rice,FarmCField1,40.72624252,30.8457645,107.2806376,195.0598713,5.700909083,51.01138493,76.07624631,2024-05-28,2.260903829,72.26650111,19.85676685,A,10.67630273,17.84828279,Fresh,Plastic,332.7667962,5.857371003,89.61682962,Train,283.8808991,48.07216737,4.007329974,0,4.954878953,4121.839442,121.474607,1.423099757,15.89679947,4.822742652,92.91818952,5.025492703,Mixed,98.51195454,54.98099004,3.165432702,451,1470,918,KR Market,12.97735792,77.58344147
FarmCB00059,tomato,FarmCField2,50.03671808,18.07632015,134.00095,190.8347695,4.146382602,97.2837464,82.36202046,2024-06-06,7.01695329,76.0153188,24.44134485,B,28.43774037,15.4284206,Drying,Aluminum,342.133045,9.571527744,83.75017233,Train,776.9876943,35.28358822,49.10459381,0,11.43123281,7478.163569,347.6288271,0.913441054,13.39481211,2.512073829,90.22356159,5.223972128,Organic,96.560962,69.44525268,82.35929937,846,2521,1417,Yeshwanthpur Market,13.01307878,77.49524917
FarmCB00060,corn,FarmCField3,46.19663957,24.17109908,65.42115837,180.7496451,4.984219608,97.39719097,83.6575095,2024-06-16,6.684411247,81.31956709,29.34857829,B,11.78075597,11.08672896,Fresh,Aluminum,96.485015,8.676629547,89.61442965,Truck,1251.656944,34.00670539,9.276236428,0,10.4638677,2473.69103,127.2492442,0.531312959,12.62276491,2.655685077,73.098212,5.261146354,Organic,87.12167924,59.10190299,77.96383251,705,1766,1171,Nelamangala Market,13.09254688,77.39306032
FarmCB00061,corn,FarmCField1,59.12998629,29.23737685,108.716584,231.2003042,5.562085796,85.77455645,85.5532888,2024-06-23,5.805576353,88.28175976,21.60610686,B,5.368966992,8.333625931,Freezing,Aluminum,167.5205817,6.85280024,86.10180517,Train,567.9076929,33.76035208,33.09860748,0,9.374493468,5632.220572,296.1958001,1.309876042,10.29469576,0.077726052,75.52014364,6.690456508,Packaging,82.86888842,38.08464873,10.20861427,681,1720,1032,KR Market,12.97002314,77.58940829
FarmCB00062,lettuce,FarmCField2,44.52840221,33.4604624,43.10887288,261.0134533,5.220535354,57.55893678,80.30019566,2024-06-24,4.755010699,81.57264081,16.25544393,C,20.38627056,4.210054365,Fresh,Cardboard,310.6383884,9.959499687,85.3516382,Truck,173.7754098,28.38727369,16.48420863,1,3.089285989,5755.360233,366.6190852,0.84516033,15.07102654,3.546347322,74.52201839,5.767039637,Mixed,95.65387837,48.27947414,2.8766134,532,1557,829,Yeshwanthpur Market,13.02010532,77.50998286
FarmCB00063,tomato,FarmCField3,65.11199349,31.86065793,71.65007308,160.6491963,3.551784334,52.77756305,81.11099261,2024-07-09,3.889627101,90.04714105,16.89685547,A,10.74257008,5.222159143,Canning,Plastic,57.16475876,7.773054892,85.78354576,Ship,784.6454758,26.08792876,66.43368164,0,7.291638388,8381.133845,231.2361778,1.306478641,8.209046371,4.530528874,82.65042053,5.467075355,Packaging,97.90713689,13.50665443,53.26596432,815,2543,1437,Nelamangala Market,13.10062522,77.39191647
FarmCB00064,potato,FarmCField1,48.42819606,34.13034653,193.9088848,110.7363686,3.188746815,76.69027778,88.16114626,2024-07-09,6.805587117,77.61492752,11.76365702,C,28.97388738,5.769066531,Drying,Cardboard,73.06090825,9.915075081,78.25084971,Train,1330.234061,45.24584954,44.02024769,0,2.159918746,5340.716715,242.0588095,1.14064519,16.29935547,4.067098945,81.15604969,5.385193879,Organic,85.52456436,27.30880307,56.3423263,486,1565,898,KR Market,12.96574438,77.58933439
FarmCB00065,tomato,FarmCField2,67.43267452,20.7501294,151.0498006,251.5267089,4.371993626,73.33680482,89.14538314,2024-07-15,7.801122546,93.02672175,27.85453294,B,22.74514253,8.34541005,Fresh,Glass,281.5804856,11.3271773,83.85716805,Truck,1520.301968,18.91047422,66.94444977,0,13.05012578,584.9198344,371.5354272,1.482468215,17.12016844,1.355118129,97.07601416,6.674639154,Packaging,86.86815118,15.22110228,25.87553369,800,2547,1398,Yeshwanthpur Market,13.01429798,77.4995957
FarmCB00066,potato,FarmCField3,64.007586,31.82093742,35.12303137,278.8717121,3.014651937,89.87161351,88.96148411,2024-07-16,5.058816679,76.08479578,16.55255831,A,12.74264529,1.509555827,Freezing,Aluminum,112.915891,10.44303669,86.34228279,Truck,1414.345925,34.2921916,14.38521917,0,10.63056837,7960.254193,133.5747687,1.348801282,11.89249388,4.28156114,94.40109925,5.966919051,Mixed,83.85041087,70.28938872,38.3325972,480,1427,926,Nelamangala Market,13.09798868,77.39673619
FarmCB00067,potato,FarmCField1,42.5976222,20.45159067,14.96848524,132.7074085,4.018351413,63.70105305,82.24281639,2024-07-17,5.86684992,80.04174584,25.30559567,C,24.90742093,2.618232421,Drying,Plastic,378.1791306,6.534513851,85.93211024,Ship,797.9873846,33.60953081,18.56883052,0,5.632360908,3118.225362,273.187243,1.261915224,11.21878099,4.020009772,94.0732234,5.389012154,Mixed,83.56620848,45.97073361,53.89257446,459,1462,897,KR Market,12.97187943,77.59283814
FarmCB00068,lettuce,FarmCField2,49.41685011,21.26477698,178.8007371,54.67205777,3.538678545,70.27576466,81.22456306,2024-07-21,5.011891946,70.23590092,26.62648263,C,14.76531864,8.456068039,Freezing,Glass,63.36360709,10.02027033,86.79080645,Air,764.0767911,23.58421593,60.23506215,0,10.72443768,3151.291574,284.2459181,1.433729901,13.43516514,3.352388956,84.10482006,5.962005714,Mixed,93.44125619,46.42369026,80.84267517,519,1585,941,Yeshwanthpur Market,13.01832994,77.50587921
FarmCB00069,corn,FarmCField3,46.18388186,28.41329721,133.8754978,71.25262876,5.778032375,52.25683019,76.46080679,2024-07-29,2.761077147,88.62092394,25.04540363,C,18.00886375,3.165662739,Drying,Aluminum,337.0070171,5.446532578,80.69302756,Ship,882.0130893,42.33681116,22.19490353,0,12.50357458,9088.567427,107.5875806,1.085231299,11.12827764,0.286398749,88.01331653,5.139373122,Organic,83.79846822,26.26117363,31.63134051,695,1806,1142,Nelamangala Market,13.10969992,77.38965758
FarmCB00070,potato,FarmCField1,69.46087793,19.30627967,5.625571464,281.6071752,4.156110856,55.45525811,84.18113117,2024-07-31,6.637949355,72.74093832,29.10781214,B,6.895325332,10.5792264,Drying,Cardboard,238.2811573,6.456168693,89.53058796,Train,1620.797194,49.38165772,11.63021809,0,5.999525689,8915.96754,223.0332255,0.830782969,11.84551292,3.380979376,77.1200726,5.889479878,Packaging,91.04997717,39.24785048,75.01966938,542,1482,848,KR Market,12.97767983,77.59297951
FarmCB00071,lettuce,FarmCField2,48.70300761,22.68765926,165.827769,211.3825502,3.40825217,54.67502462,77.86270276,2024-08-13,3.357916971,89.05530463,24.30415315,A,18.13926945,14.34110502,Canning,Cardboard,494.6040273,11.36148012,75.75923967,Train,1643.699514,45.97316784,37.19059523,0,7.652907116,663.6472909,301.9859298,0.874866225,13.17743276,4.278142297,90.54725859,5.01900455,Mixed,84.5841577,62.4077801,29.02195678,518,1550,836,Yeshwanthpur Market,13.02482456,77.49027842
FarmCB00072,potato,FarmCField3,43.52094593,34.93958517,21.57644522,150.4384676,3.78975428,59.25348564,86.23952367,2024-08-19,2.461991407,81.2331839,15.5682001,C,29.43993885,16.58791655,Freezing,Plastic,330.8508255,8.574291976,80.49026039,Air,210.9431276,33.82032967,44.34405765,0,5.279498343,4981.61971,117.9565245,0.535421257,16.28925655,2.625637494,77.77598803,5.260355423,Packaging,87.50183894,23.34347757,84.84552804,522,1475,822,Nelamangala Market,13.09695462,77.39979837
FarmCB00073,rice,FarmCField1,47.93875478,32.03579308,169.5816025,90.10132435,5.81294031,79.20765073,72.58381945,2024-08-22,6.870955246,79.07053333,10.70335211,A,25.86405597,11.12722439,Canning,Aluminum,383.2036871,7.647825918,76.72030736,Truck,1350.63516,36.44679452,47.82087946,1,9.844708528,3162.91935,224.0709485,0.910207284,16.11941073,2.607345471,92.98276723,6.978061705,Packaging,81.43890931,47.93785387,5.819919628,461,1534,876,KR Market,12.97549974,77.58761784
FarmCB00074,lettuce,FarmCField2,36.93463845,28.77288054,46.13457737,164.7933117,4.481833483,60.70919361,77.19312132,2024-09-26,7.660329977,73.71786369,10.88037925,B,28.50021805,19.51814764,Freezing,Cardboard,376.529241,8.542654665,72.93331251,Train,1732.912055,35.28246591,34.36294984,1,6.669796576,7746.250049,62.04058986,1.283674018,11.70696347,4.709367773,79.63730728,5.159369052,Organic,81.87086333,69.6261822,22.80872685,495,1421,854,Yeshwanthpur Market,13.02806477,77.5004838
FarmCB00075,lettuce,FarmCField3,52.9236963,18.09106667,122.4481582,228.1710094,4.352023975,62.36973082,73.12468955,2024-09-30,2.88613026,91.48304793,16.0214949,A,14.92740166,13.43074648,Drying,Glass,85.0573089,10.57640499,71.94686327,Air,1035.335836,32.70715127,4.878993094,0,4.40038984,2570.585424,277.2845766,0.894869229,10.8057195,4.067732477,85.23355287,5.94975865,Organic,93.50840895,38.01996441,77.11976902,493,1496,880,Nelamangala Market,13.09326558,77.39230719
FarmCB00076,tomato,FarmCField1,58.72187087,30.51193577,6.488216492,287.3174872,4.265076324,67.81971997,87.84489207,2024-10-21,3.886422933,92.34280695,20.49846712,A,11.62639164,11.00925072,Freezing,Aluminum,216.6863278,11.50274043,84.14881498,Train,1269.541692,38.99557687,16.94899736,0,0.6782019,7225.871531,450.6467035,1.224571955,11.82849267,1.133945619,70.39327311,5.300465433,Mixed,82.04273827,67.82501042,96.23931723,808,2557,1440,KR Market,12.96263854,77.58459779
FarmCB00077,wheat,FarmCField2,65.70102013,24.78639761,54.68543625,234.7058475,4.845279076,55.28361447,75.62942993,2024-10-24,7.475739341,84.08431302,20.85101054,B,9.667103515,3.78552244,Drying,Aluminum,90.35788164,6.519724345,73.20086632,Ship,1411.656269,24.65756417,11.6459362,0,5.96365286,403.1118544,268.7421284,1.188241566,9.647826254,4.243069222,96.87831143,5.720448944,Mixed,86.55573794,10.81126684,97.80037298,456,1403,932,Yeshwanthpur Market,13.0221324,77.5071494
FarmCB00078,rice,FarmCField3,61.55640998,27.54786509,127.7495289,261.035198,5.088206042,54.44268277,76.80543213,2024-11-03,6.436251147,79.82847403,17.62043553,A,27.25541569,18.84012405,Canning,Glass,94.23388364,6.139126077,78.28491402,Ship,691.9246476,49.97353727,32.92051265,0,7.002394805,2353.035654,186.7290585,0.742947193,11.2816913,4.335262196,91.52660627,5.404538698,Mixed,94.03173496,71.07871882,49.98863217,461,1437,901,Nelamangala Market,13.09965274,77.38787389
FarmCB00079,potato,FarmCField1,49.38415841,26.62407274,155.4613296,171.8717525,5.272592039,58.51342282,86.52307774,2024-11-13,6.941458915,90.20959006,11.06555929,C,23.07816773,17.68911451,Canning,Glass,279.9564893,11.8677559,82.59417554,Train,1936.395807,26.94993807,32.78125273,0,6.347060011,2279.819831,403.3486723,1.422473137,12.82395941,4.939212007,78.96113364,6.619746572,Packaging,82.07879272,15.67771145,10.96053141,505,1573,887,KR Market,12.97954164,77.59140199
FarmCB00080,rice,FarmCField2,42.48551821,21.48370601,27.68442901,287.9895806,3.484377233,43.47071975,78.06498334,2024-11-15,6.139517283,89.89425291,22.45548228,C,19.73631644,16.92840426,Freezing,Glass,221.4529805,5.368364839,76.35296568,Train,1391.413315,22.96730916,15.62003248,0,0.32463808,5188.734794,62.96660655,0.659097183,15.51830092,4.201851158,79.69900088,6.962041583,Packaging,97.16622361,78.23345311,89.4873655,460,1528,833,Yeshwanthpur Market,13.02927138,77.49120015
FarmCB00081,wheat,FarmCField3,57.81527821,19.35494339,99.69069719,118.3495191,5.69385865,43.38359979,77.99404133,2024-12-03,7.030343302,70.19046541,21.39334058,A,18.53762384,2.00886757,Drying,Aluminum,183.7329764,11.09957037,84.47191822,Train,1845.117027,48.22544598,11.03649573,0,3.203762531,3215.010404,288.1107112,0.636125158,16.00137832,4.336382811,76.26566547,5.983014131,Organic,80.09914694,46.79548972,65.77770478,543,1402,921,Nelamangala Market,13.10817696,77.38050581
FarmCB00082,corn,FarmCField1,53.1822199,17.47418573,6.542657196,186.8803563,5.274414405,75.17388421,84.06987701,2024-12-08,2.341449643,88.33924759,17.88478432,B,19.34718269,18.99553052,Canning,Plastic,493.0860451,11.23622108,81.12414942,Truck,75.23987804,43.65396806,15.38344762,0,3.21825996,7698.291175,122.2070306,1.397848295,12.72510069,1.051900187,92.23840815,6.469628535,Mixed,84.75304074,43.59694234,9.696006562,698,1825,1122,KR Market,12.96898785,77.59630027
FarmCB00083,wheat,FarmCField2,45.58133409,32.71393978,0.809208263,164.7532594,4.601646149,73.17775939,86.05869543,2024-12-16,5.059325496,89.44456079,25.20918363,C,15.31099019,2.540887067,Canning,Glass,120.9630707,8.413675069,85.09230285,Train,1056.694264,32.06240399,67.5891877,0,4.437599662,5195.468516,45.07921437,1.31454503,10.11401592,0.751328147,72.22643449,5.903845546,Mixed,85.97377012,58.80013925,7.136423652,500,1494,916,Yeshwanthpur Market,13.02361784,77.50789198
FarmCB00084,rice,FarmCField3,48.38717773,19.30794845,190.5413676,109.0101651,4.505493242,70.05631478,78.70052862,2024-12-23,5.083798822,74.25841347,19.11208072,C,17.76979098,4.914398377,Drying,Glass,225.2570626,7.56441753,87.86656236,Ship,141.0329092,31.81631558,37.57665371,0,4.611580094,7995.626709,124.5928614,1.135795779,13.02209601,3.77016921,70.56295387,5.551903114,Organic,81.94518412,39.35545726,11.65839536,524,1494,901,Nelamangala Market,13.0965687,77.39096728
FarmCB00085,lettuce,FarmCField1,54.6154274,22.67136087,124.8098377,102.5088663,3.215699027,58.76375477,89.81483492,2024-12-28,6.069705297,77.82436773,11.00262303,C,26.02265342,15.94171073,Freezing,Aluminum,89.07421457,11.56312538,75.78811807,Train,141.6885449,36.00294675,25.82301534,0,1.122853329,8990.829895,148.515356,1.491678003,19.01917035,0.694703493,97.8266544,6.734113318,Mixed,92.54267585,67.12906545,45.81775815,507,1538,870,KR Market,12.97874433,77.58575133
FarmCB00086,potato,FarmCField2,35.1559896,18.73420992,63.84701308,161.1541935,5.80344891,64.31816899,71.15410973,2025-01-04,3.130347198,89.8302598,22.15143199,B,24.46726917,18.37406936,Drying,Cardboard,363.1647461,6.863913466,79.33016376,Air,1177.817498,17.08500084,38.29820592,1,6.965136558,9376.735934,411.7054784,1.11134174,14.37556214,3.779496785,87.7428731,5.922712447,Mixed,88.3874768,23.94873311,51.60197278,484,1478,881,Yeshwanthpur Market,13.02962612,77.50666371
FarmCB00087,rice,FarmCField3,53.57918556,31.5720797,151.2978477,70.97108865,4.393260113,42.4421212,84.45070774,2025-01-11,3.183043841,81.0964278,27.10766188,A,12.45181897,9.446633706,Freezing,Aluminum,199.2191484,10.92741137,80.20285534,Air,1499.193501,25.34243237,34.32170962,0,6.740635016,233.5582855,398.7817932,0.521981,15.27433782,1.544356807,70.25225181,6.108893589,Packaging,85.25167054,56.83422945,67.67031865,540,1428,915,Nelamangala Market,13.10548064,77.39851018
FarmCB00088,potato,FarmCField1,52.08244268,24.98542134,24.78163189,54.5582866,5.986425516,47.36075996,79.95010821,2025-01-31,5.281596001,88.05114347,18.20895376,A,15.4580089,7.64647886,Drying,Plastic,87.31941162,10.50054402,87.85368119,Air,758.0946356,36.48432549,48.42896406,0,2.123527141,4144.98251,418.7658494,0.662263604,12.88922631,2.130103661,93.85488304,5.329484361,Packaging,92.43690487,17.06374067,20.84452901,473,1483,849,KR Market,12.97124542,77.58119149
FarmCB00089,wheat,FarmCField2,49.48481218,20.66699566,64.25421954,183.8061164,3.044839445,61.34463018,87.57203127,2025-02-02,5.680036513,88.23430048,27.69212073,B,26.19289239,17.6829156,Fresh,Plastic,152.6884573,9.97068705,88.33811685,Air,304.9325116,24.19407365,53.9777754,1,3.284011161,3965.147964,250.3188469,1.243366236,17.0430737,4.191574053,87.28468209,5.649655968,Packaging,84.59243171,61.24920523,65.52729428,483,1575,906,Yeshwanthpur Market,13.01177354,77.50886961
FarmCB00090,wheat,FarmCField3,51.9768533,18.78183117,64.73055921,261.872231,4.612879225,90.99145325,75.91184747,2025-02-05,3.339063215,77.99940731,20.44309777,C,17.25377123,15.39971011,Freezing,Aluminum,444.9801991,6.603678808,84.32634186,Train,1030.696298,48.50028185,44.04614134,0,7.901331814,5571.334944,446.1001019,1.020128915,10.11774383,0.40770532,96.74010937,5.251914297,Packaging,95.8809235,25.64531868,53.89868182,460,1574,847,Nelamangala Market,13.10820274,77.38389883
FarmCB00091,corn,FarmCField1,69.1596109,27.93929677,189.9283056,250.4588099,4.533921149,55.93655428,73.86361143,2025-02-07,7.605654336,73.78734744,28.28626246,B,18.28901802,16.57189602,Drying,Glass,430.5049471,6.354422992,81.30003873,Truck,776.0164089,44.38605535,44.08100565,0,10.74562994,4471.179965,92.66728372,0.880403089,11.54790916,4.018445847,77.52225222,5.55034999,Mixed,85.18671804,26.87066586,26.95808493,735,1835,1099,KR Market,12.97296717,77.58964578
FarmCB00092,wheat,FarmCField2,36.84444226,30.80452397,9.822902022,86.09071254,5.691112905,60.92962867,81.53451218,2025-02-17,5.735338833,73.76642133,18.62079454,A,14.52847143,16.02418623,Fresh,Aluminum,479.2311039,10.33094224,76.89952082,Train,1378.161533,21.89724949,59.16579914,0,9.073122784,4399.241584,204.0260173,1.284393317,9.797635902,4.620253033,98.3027392,6.912135899,Organic,87.91040569,27.02976271,63.33283461,450,1466,935,Yeshwanthpur Market,13.01666714,77.49527924
FarmCB00093,tomato,FarmCField3,51.10106977,31.84199056,91.60607874,70.47882165,4.31765122,42.33132971,76.37351792,2025-03-27,3.7648978,89.78363035,14.61235824,A,15.58720564,19.07399391,Canning,Cardboard,214.682114,11.40123343,74.97856269,Truck,299.2684799,34.95318562,18.64880638,1,12.14469123,8952.17838,315.0916425,1.226362916,11.20908542,0.972274358,89.05054747,6.977969588,Packaging,97.69898448,26.71336032,81.28678147,842,2578,1342,Nelamangala Market,13.09757927,77.38096274
FarmCB00094,corn,FarmCField1,58.25220647,32.78261112,147.3037208,63.46254685,4.560116459,48.07238227,76.65958295,2025-03-31,3.709514812,89.11371318,23.20954653,C,20.25940682,1.286343607,Canning,Plastic,216.5086076,7.232362709,87.6043859,Train,1724.092101,49.77190833,41.92556882,1,6.548098411,9006.691525,108.3559004,1.165286771,11.43892902,4.450096943,87.24721169,6.869148054,Mixed,83.23319289,67.21084972,60.67871981,711,1793,1154,KR Market,12.97701532,77.59352993
FarmCB00095,rice,FarmCField2,51.54060018,16.55211077,143.707942,127.6637265,5.224150603,59.31763795,72.02110278,2025-04-10,2.407876454,83.24690229,17.44292862,C,6.249031346,4.662335254,Freezing,Cardboard,59.22181615,9.608412899,81.74560529,Air,424.9515298,26.75499874,24.07591607,0,7.672781643,253.7100726,195.8878913,0.892831112,10.11367954,0.148126901,80.18053828,5.990335693,Packaging,88.22251152,43.44716803,97.13663738,495,1481,925,Yeshwanthpur Market,13.0297234,77.4919412
FarmCB00096,potato,FarmCField3,46.22281105,26.81480473,59.36858972,197.9689974,5.268263248,82.01273514,76.69651181,2025-04-14,6.333798646,72.65381648,15.6369881,C,17.00258367,13.33779388,Freezing,Cardboard,471.5417339,8.666254309,77.68768664,Ship,1050.866277,32.77306105,36.91720058,0,11.99560705,8854.304381,427.8723834,0.754195036,18.61325963,4.877432481,73.79906829,5.7481014,Organic,92.20660488,70.57706043,85.90693651,462,1428,863,Nelamangala Market,13.10120119,77.38826817
FarmCB00097,corn,FarmCField1,60.36587092,17.65255658,119.6319127,204.7018927,4.589705575,73.93419167,73.99345574,2025-05-04,3.010553801,90.69016109,11.15575452,A,21.65149121,3.67852889,Canning,Cardboard,307.4072844,7.848251462,82.69844917,Ship,1836.057368,45.71673345,44.37016009,1,4.56606777,9774.081701,230.9364054,0.811273428,8.101364211,3.960115336,84.86557974,5.255412788,Mixed,93.02593879,58.62590069,89.82005998,722,1845,1076,KR Market,12.97433746,77.59200198
FarmCB00098,potato,FarmCField2,58.50419551,15.74595872,175.9506368,274.8406588,5.125551158,74.6198409,80.97943571,2025-05-07,7.63783303,90.80465328,14.84546087,B,7.905267266,17.58840452,Drying,Plastic,432.8883272,6.504971862,77.20793771,Ship,1110.630558,39.56053588,62.92649855,1,6.743400748,5926.686977,398.5018591,1.140089351,13.3247046,3.283551086,83.66265772,5.172734853,Organic,84.94504696,34.55192054,4.258022017,487,1405,969,Yeshwanthpur Market,13.01868875,77.50541972
FarmCB00099,wheat,FarmCField3,38.10770943,24.68278176,140.1953498,244.405418,3.882256806,40.18510011,88.82587258,2025-05-14,7.933338423,80.45270889,27.67245934,B,14.286415,11.34595737,Canning,Aluminum,250.2532855,5.080829463,80.8151017,Ship,1099.763534,34.50385828,35.4448296,0,8.061144187,3990.654249,73.59246135,1.269257497,15.61213761,2.420240279,85.05083627,5.579072953,Mixed,87.10656606,64.29149836,46.54879863,472,1439,842,Nelamangala Market,13.10701697,77.39738978
FarmCB00100,tomato,FarmCField1,69.30808684,32.61992064,193.9678116,243.0241636,4.534679904,87.88590674,86.89303312,2025-06-09,4.584401581,88.11667765,25.97979391,C,22.12074346,7.579009703,Drying,Glass,381.1503492,11.75699028,78.5722757,Ship,651.2627434,45.8899541,15.85562899,1,13.32478423,4801.871677,374.3983746,1.19620126,12.42268518,4.594600406,71.74299118,5.594275909,Organic,82.11519058,12.09778857,26.39499908,818,2443,1347,KR Market,12.97077424,77.58321499
FarmCB00101,corn,FarmCField2,61.47045512,31.27528753,111.1628851,223.8726684,3.147040906,61.7311868,81.28314152,2025-06-16,5.474944256,76.59357961,21.74717655,C,10.1766258,8.759367108,Freezing,Plastic,63.57063547,5.646292964,85.75450282,Ship,1734.835132,26.22592588,69.43809224,0,0.602798716,7221.612484,30.99713136,0.520561457,14.66973201,3.179691421,93.67865448,6.64667906,Mixed,87.86685358,50.66906537,52.02009231,683,1725,1063,Yeshwanthpur Market,13.01268364,77.5065028
FarmCB00102,lettuce,FarmCField3,30.23532265,34.45144138,132.3692166,133.9432507,5.249751843,90.69281523,72.55425544,2025-06-17,7.351396026,79.36768947,19.49660033,B,10.15259591,15.25750541,Canning,Plastic,342.8581406,11.98627613,87.55349455,Air,1593.990345,24.92267342,2.055842498,1,2.356293568,8889.530647,430.9579196,0.619420345,8.775457262,0.275344082,72.61732656,5.423565728,Organic,87.64812246,69.51942776,69.7757787,496,1515,896,Nelamangala Market,13.10079332,77.38391943
FarmCB00103,wheat,FarmCField1,52.36217788,34.10103443,153.968976,276.0483827,4.46356398,52.76047807,84.34251686,2025-06-23,7.71552944,75.99112219,12.06656448,A,5.887636342,19.90741299,Fresh,Plastic,193.8761867,10.12880212,76.9263932,Train,810.1486968,28.7349134,27.36815846,0,0.275025467,4848.104171,314.4688423,0.723671203,19.47208319,1.994656451,88.72371645,5.453571446,Mixed,93.05807307,57.56291648,91.3864272,464,1400,972,KR Market,12.9773991,77.59757648
FarmCB00104,potato,FarmCField2,60.49888017,33.38113482,128.5511764,275.1220918,4.090577537,96.90091754,74.31338851,2025-06-25,3.460193333,87.39931002,15.74981164,B,16.46647591,14.98065203,Drying,Plastic,226.8255671,8.513177231,84.02800695,Ship,1569.586302,40.30153439,22.46594833,0,5.734119278,3068.007871,157.236717,0.765075519,10.78053092,1.40390685,80.5928646,5.730886193,Organic,93.82486562,74.71046587,2.423823663,496,1577,869,Yeshwanthpur Market,13.01263676,77.50267916
FarmCB00105,lettuce,FarmCField3,39.75376816,32.33642072,117.9187873,253.7409816,4.314266423,69.03560114,83.23407555,2025-07-18,3.606009743,75.56324789,21.39828405,A,6.248804419,2.238878277,Freezing,Aluminum,225.7742496,8.104632537,86.63837187,Train,1281.984157,19.42620833,39.29758921,0,2.860162495,5485.857093,65.45995358,0.773886771,12.79985719,0.145832941,76.86211069,5.625830288,Organic,84.59392026,27.58707296,85.90548479,459,1523,863,Nelamangala Market,13.09310957,77.38253115
FarmCB00106,wheat,FarmCField1,60.11623682,31.75455307,125.6404549,290.6867961,3.150747999,72.20600931,81.43143046,2025-07-21,6.951532404,79.8513482,19.16550742,C,28.10525084,6.601545074,Fresh,Plastic,362.9135353,6.883423384,88.26367154,Truck,1185.345743,24.09023313,18.41315973,0,7.960128047,7163.041434,380.2945814,1.257592024,14.61725863,4.885657348,71.70606923,6.628560093,Packaging,91.86731986,73.17793232,28.02933752,477,1440,913,KR Market,12.96658992,77.58874811
FarmCB00107,tomato,FarmCField2,31.14178672,17.59234234,164.2082232,223.0317823,3.395129852,99.36293377,88.06872943,2025-07-21,2.477361717,71.29043455,24.30042187,B,22.20250675,7.36230973,Fresh,Glass,308.753094,7.143149707,88.21561425,Air,816.5287843,41.01012959,56.39918379,0,3.630508192,5536.609494,120.2147074,1.309594283,14.00161755,2.918155764,94.20798751,6.644580249,Packaging,85.49803468,38.28734614,67.71291289,771,2490,1397,Yeshwanthpur Market,13.02608555,77.49758719
FarmCB00108,corn,FarmCField3,33.15907602,17.93097477,155.889775,207.2728638,3.436052347,52.84226081,83.39983758,2025-07-29,3.670579956,71.05990441,19.21289266,A,27.83396795,8.271878098,Canning,Cardboard,144.4894135,7.113321975,70.89342677,Air,1228.923172,20.55022542,15.02249207,0,14.970419,3246.375817,216.8205513,0.983869319,9.444346478,4.509465674,85.30751527,5.632160265,Packaging,85.26644914,47.4557393,34.73853169,684,1789,1074,Nelamangala Market,13.10097939,77.39809856
FarmCB00109,tomato,FarmCField1,60.74101254,33.34634222,173.4945874,224.1008499,4.118742532,48.07051842,88.74340963,2025-07-30,4.275366191,82.1391302,12.13432504,C,9.25082767,18.29643243,Freezing,Glass,415.0235233,11.29490475,82.3321664,Air,643.5949408,43.36298022,42.31937024,1,12.13066117,5049.32613,417.4706282,0.721782901,12.36489386,0.478850241,77.48932417,6.634843273,Organic,92.80669959,26.06645818,39.58522484,761,2528,1459,KR Market,12.96259372,77.59247407
FarmCB00110,wheat,FarmCField2,69.26931583,25.90410162,125.658754,97.66306584,5.601286572,69.96582416,74.20599437,2025-08-11,3.963053702,75.07625129,25.75349091,A,6.436683316,7.196952546,Drying,Cardboard,294.662505,7.121695493,71.52634334,Truck,1315.94092,35.77620987,47.88011327,0,3.442169425,3255.61627,119.7949222,1.375310892,19.49131788,3.975455726,72.43373798,5.066281068,Mixed,81.83115089,44.60366941,68.9225327,522,1431,864,Yeshwanthpur Market,13.01461342,77.5099049
FarmCB00111,corn,FarmCField3,50.37498449,22.52034825,177.1556475,69.26346244,5.702416326,90.80268278,78.95328771,2025-08-18,3.01046757,93.45068036,27.47284231,C,21.96082498,16.85109205,Drying,Aluminum,111.680786,6.175094853,82.74999141,Air,1264.368233,49.17589113,26.18209352,0,4.943429492,2133.923635,407.2113119,0.792563251,17.63513863,2.002067902,97.12440638,5.844670355,Packaging,96.96412923,43.77954727,28.30842455,706,1809,1135,Nelamangala Market,13.09708784,77.38251348
FarmCB00112,rice,FarmCField1,41.67979442,24.67202897,178.4463905,100.9748897,5.649541646,89.9169055,78.03585287,2025-08-20,4.478702426,73.65577567,15.1062195,B,22.12189323,8.285203757,Drying,Plastic,329.4410225,7.038295154,70.51338668,Ship,961.170402,18.21687817,7.53931011,1,5.965724012,4527.073367,41.01568491,1.340859442,9.773513917,3.701772679,91.42132884,5.141244037,Packaging,84.76075304,13.44052668,58.91306838,471,1508,917,KR Market,12.97316386,77.59261999
FarmCB00113,rice,FarmCField2,42.08954679,23.27805661,196.3473704,109.2578163,4.889216074,63.7391179,84.48987691,2025-08-26,5.271088204,76.89192501,26.87764997,A,25.46495702,16.75634458,Drying,Aluminum,246.5385394,8.665188862,70.70447429,Ship,264.6865238,42.90703923,63.74739923,0,7.242757692,7652.368817,176.2098455,0.631136119,13.27414421,2.79003507,71.64737631,5.789668917,Packaging,88.61086838,33.04789611,42.84857774,530,1474,893,Yeshwanthpur Market,13.01413966,77.50610784
FarmCB00114,corn,FarmCField3,38.34392454,15.48776669,79.5157266,127.4196476,3.656799124,94.39321659,75.14445309,2025-08-28,7.409504077,85.1546501,24.88768405,A,25.68769528,7.877648854,Fresh,Glass,177.5186396,9.63523603,70.68910215,Train,1965.103953,21.5084327,48.77634697,0,4.603842731,8121.609261,115.6923859,1.291263281,9.579544333,1.733555595,75.78197519,6.505572994,Mixed,94.52492077,70.76690067,22.85619126,696,1878,1049,Nelamangala Market,13.09446093,77.38903952
FarmCB00115,corn,FarmCField1,32.11670454,16.33140565,186.3730555,143.7994677,4.931674145,58.7054289,71.24905574,2025-08-31,4.168802878,77.38133529,25.21167918,C,5.799819482,18.87715979,Drying,Glass,113.7755966,9.317083653,87.98213648,Ship,1011.461666,25.02095961,56.37674842,1,3.571244405,9568.733503,250.1165965,0.929050182,13.05320686,3.116103337,80.23265236,5.892030189,Packaging,82.0891627,19.01605589,38.15991303,738,1712,1025,KR Market,12.96737139,77.59343931
FarmCB00116,tomato,FarmCField2,68.79178538,26.23406365,12.50653972,240.4584167,5.559252849,93.55401145,88.62643983,2025-09-02,6.401143987,93.66666523,26.32167383,A,15.29129487,8.082647292,Drying,Aluminum,454.9883015,10.21537397,76.16312742,Air,699.8123837,21.87185434,57.97603566,0,13.19469224,8713.278704,203.7931875,0.606932231,13.34783153,4.024939933,72.74489045,6.537021884,Packaging,95.5522451,53.99086305,21.5615207,794,2560,1445,Yeshwanthpur Market,13.01287893,77.50693466
FarmCB00117,tomato,FarmCField3,32.93967536,27.086182,172.8625026,146.6947073,3.265911948,46.39240078,88.7722047,2025-09-02,4.252099454,77.78232261,16.78744324,C,20.0691314,8.782253051,Canning,Cardboard,253.0319968,10.8904273,78.86905267,Truck,1129.523084,16.00545744,21.03134153,0,10.55624146,8213.872112,374.3468304,1.466097088,17.51903993,2.686323617,72.85832848,6.221135538,Mixed,86.79299523,64.59753613,28.92008863,782,2554,1420,Nelamangala Market,13.09677953,77.39294904
FarmCB00118,rice,FarmCField1,50.4379308,19.47808478,184.9145165,288.2912966,4.828773617,78.39686462,81.88451404,2025-09-07,5.609497045,75.14371269,26.39092636,B,17.99753126,9.874371421,Freezing,Glass,288.0282101,8.276688785,78.83615303,Air,1538.800019,16.27671632,70.71391307,0,13.54533838,9136.66975,392.3295287,0.866737966,16.80860276,1.129318535,86.07775002,6.197041578,Organic,87.2203032,30.39254929,82.19356494,488,1451,845,KR Market,12.96487338,77.59745316
FarmCB00119,lettuce,FarmCField2,46.29868576,21.07173992,72.75329099,283.6428604,3.745693757,83.51963418,72.13469068,2025-09-08,7.157205113,72.78919654,20.12251508,C,13.2410414,8.684974041,Drying,Plastic,182.9100929,10.85545777,87.37356362,Truck,344.166296,26.16315455,57.67992126,1,12.11489757,7658.217349,239.2435556,1.318774084,13.17897119,3.783842693,84.64746987,5.372609305,Mixed,84.65951841,24.61267504,91.073293,475,1586,932,Yeshwanthpur Market,13.0176007,77.50800141
FarmCB00120,lettuce,FarmCField3,52.98535759,26.72333872,17.67415931,296.0262149,3.947990457,99.42689746,71.03095351,2025-09-17,5.482879412,79.55050831,22.87275204,B,11.45010133,16.85219494,Fresh,Cardboard,166.6973632,9.700637203,78.62866292,Ship,1619.873051,18.38210663,34.93261119,1,3.76478858,6141.329295,50.09672987,1.143396981,15.82400318,0.942448882,93.77249257,6.038856796,Packaging,86.32355436,18.2874317,70.2398096,528,1530,925,Nelamangala Market,13.10252416,77.39050875
FarmCB00121,lettuce,FarmCField1,55.55938724,32.8632372,68.44085639,138.9461504,4.096845838,84.50673661,82.49655934,2025-09-20,6.27934811,84.09989663,16.49302258,A,13.22249679,12.18058107,Freezing,Cardboard,109.5558764,8.416803771,79.87904796,Truck,753.9136652,35.15821198,38.69764807,0,13.51281233,8995.319285,495.5817001,1.423927407,15.32506224,3.664441905,71.48793222,6.209921753,Packaging,84.46321231,69.76707146,9.775469805,464,1550,960,KR Market,12.96410236,77.58595924
FarmCB00122,corn,FarmCField2,35.71021428,34.8404844,193.6100887,261.8924677,4.389741335,87.79771796,85.49830603,2025-09-20,4.021429889,79.09269611,24.6274141,A,13.23908781,12.94371871,Drying,Cardboard,165.5952023,10.97189019,71.79901729,Truck,113.0346878,39.06644735,21.28785676,0,8.669272997,2182.448352,379.6344172,1.230137234,13.61521843,3.462784968,91.04859521,6.356854611,Mixed,87.54645053,56.22933689,95.43379749,659,1810,1038,Yeshwanthpur Market,13.01250867,77.50068807
FarmCB00123,tomato,FarmCField3,49.46004829,17.26576529,81.08490193,262.4005886,5.235812738,72.41848069,73.75565722,2025-09-21,5.752478336,79.09643036,25.35158567,C,13.12154511,12.10918894,Canning,Cardboard,266.7378719,10.0227673,85.60497691,Truck,1870.579576,24.15652542,21.85302309,0,11.73427668,5861.488897,391.3835725,0.835785526,14.98606147,0.920372387,73.89843585,6.666923976,Organic,92.55519673,14.45539268,81.49158948,804,2457,1351,Nelamangala Market,13.10845259,77.38322522
FarmCB00124,potato,FarmCField1,35.19737171,21.93897816,144.7039021,220.9640883,5.594512946,41.99802451,79.58184354,2025-10-14,2.827330811,89.59776029,22.6045922,A,27.60303706,9.184628762,Fresh,Plastic,350.2268838,11.00118681,79.16246101,Ship,302.9917429,33.76662993,59.94915884,0,6.090951899,4592.065368,458.9938307,1.486311656,9.792619773,0.356820612,74.01302966,5.448486864,Organic,90.41193795,36.7906118,18.22486733,529,1473,939,KR Market,12.9683659,77.58518812
FarmCB00125,rice,FarmCField2,41.26037772,17.35798648,87.27877652,174.1616443,5.371259871,80.74010766,85.68156881,2025-10-25,6.31444219,73.43225916,25.58542451,C,17.4779458,13.96137273,Freezing,Aluminum,315.3330633,7.913480325,86.0108242,Truck,545.0099392,20.18897574,32.07996863,0,1.040434487,1925.044838,486.5383643,1.232013122,18.57381211,2.095049767,98.42588195,6.836705506,Packaging,94.03681269,37.6157708,90.38003117,530,1584,960,Yeshwanthpur Market,13.01437983,77.49732915
