BatchID,CropType,FarmLocation,SoilMoisture_%,Temperature_C,Rainfall_mm,Fertilizer_kg_per_ha,Yield_tonnes_per_ha,PestRiskScore,HarvestRobotUptime_%,HarvestDate,StorageTemperature_C,Humidity_%,SpoilageRate_%,GradingScore,PredictedShelfLife_days,StorageDays,ProcessType,PackagingType,PackagingSpeed_units_per_min,DefectRate_%,MachineryUptime_%,TransportMode,TransportDistance_km,FuelUsage_L_per_100km,DeliveryTime_hr,DeliveryDelayFlag,SpoilageInTransit_%,RetailInventory_units,SalesVelocity_units_per_day,DynamicPricingIndex,WastePercentage_%,HouseholdWaste_kg,RecipeRecommendationAccuracy_%,SatisfactionScore_0_10,WasteType,SegregationAccuracy_%,UpcyclingRate_%,BiogasOutput_m3
FarmD_B_00001,lettuce,FarmD_Field1,30.90050330302795,29.866548507419154,151.72156080959235,236.15581675953226,7.11845779101292,46.366810561266455,91.23733829334135,2025-05-07,2.3056110993906596,82.88556655120873,9.219585173839844,B,19.963733215978586,19.825179159210688,Canning,Glass,404.8387954158996,1.8573402860114396,94.87780262904894,Train,177.23826456107233,42.37768745713737,46.86762475108004,0,2.188182765593755,4844.962042757683,346.624669662065,1.01522725276016,6.180010366852168,4.568860486446124,76.07729553553553,7.4147037634128505,Mixed,82.33771966662025,64.13203677704597,63.95962174840398
FarmD_B_00002,lettuce,FarmD_Field2,50.48357400454131,19.115652687229456,29.676427297363883,101.8239065198742,7.039495135140419,18.355581761690523,94.07046561226065,2025-08-21,5.627319044583475,88.20048961861275,3.467978853746068,A,10.846226090557465,6.377162957973543,Canning,Aluminum,440.8542516596141,1.3499091112879293,92.96186073856346,Ship,1890.8699678111354,47.16071616932772,56.59325748797536,0,3.8160443081307722,5292.66028425613,148.73049445251095,1.4069750984911054,5.868841049049891,4.387478817797161,98.75945152482831,7.554992508604305,Organic,84.08729990149664,35.14801948020682,80.95955832710463
FarmD_B_00003,tomato,FarmD_Field3,50.8267055762524,22.42667567828054,137.99435961864575,150.31340911789718,7.2629823002376295,24.28810181538661,93.96206253122087,2025-05-24,7.5900371743926875,87.45310454550254,4.200665552032232,A,18.797986678798253,4.917860452797564,Canning,Cardboard,399.4770482588019,3.627257420589994,96.60652334142523,Ship,738.9587306320957,36.546444806064244,18.758024094866684,0,1.9424170588272827,3342.7993159536622,154.4566421373063,0.6392219735643844,8.972004430707273,1.4687716979132492,86.45720892411995,8.099385291188929,Packaging,93.55864494230002,48.88550412873389,42.763159675481155
FarmD_B_00004,wheat,FarmD_Field1,59.205108802694355,26.041456450712204,11.892467895532821,117.14914445015893,6.793502010261493,27.201343078032238,90.55589087619741,2025-03-15,7.844172799792302,76.98773794953107,5.987267945883053,A,12.384186276898753,5.248131472247987,Freezing,Glass,481.6228286027324,2.508985726532439,94.85425451684839,Air,1025.7085592937412,44.92548313873846,51.29214268414202,0,6.793730655568759,4040.579987233165,275.86459529183134,0.9187826996673857,9.858269243223935,0.7232617706184774,74.23653056724848,8.242481658887886,Packaging,82.47223964348746,77.56646226823557,94.72003061451461
FarmD_B_00005,potato,FarmD_Field2,40.629241537219755,15.929424267992447,111.28175454194474,153.64976123356416,7.063502888163613,36.11526164583327,92.08129189402393,2025-01-02,2.544709462619277,88.77496908466426,4.390319831762415,C,14.974874832874962,15.284979703240667,Canning,Cardboard,273.13181839005347,4.711635995278605,91.2224267276105,Truck,1507.0214054248902,33.10374682274535,69.94746921456182,0,14.070747163862903,1999.0526963388802,57.18244341327572,0.9498372924460982,4.072720887659855,0.28653910916873027,81.9385127959975,7.724842309778448,Organic,87.79316834264395,23.79713062743221,59.508718931049486
FarmD_B_00006,potato,FarmD_Field3,43.808878358896344,23.93973892980225,195.00536350447396,101.49396711357471,6.554644261011607,31.455495926299676,96.36960567615168,2025-07-14,4.503027127945353,83.92268456890463,2.010027278485559,B,5.665107448923336,3.256900235651334,Canning,Aluminum,272.7555719155898,3.180565476086647,96.4438729168342,Truck,753.6906360114767,34.78366754177931,47.90548711267675,0,11.61868813919645,4156.376842759399,420.03763172229264,0.5824147442534066,5.56382469529064,2.1874117037968115,92.42652340439525,8.490316417516915,Packaging,85.65396966439059,11.459619465998049,28.563307285302418
FarmD_B_00007,lettuce,FarmD_Field1,62.379653108356116,21.196143298990204,133.15174326889095,200.0611745513418,7.888184491763715,34.252609023866924,95.17252155779181,2025-01-28,6.474695538601666,76.91040941757244,6.502830840179809,A,5.132694521393168,4.164924704032225,Fresh,Cardboard,267.7706939921757,4.126089402113619,94.12306943121536,Air,1953.188040623834,42.03700164694769,63.64354752476974,0,0.8395861796546134,8991.443274613051,34.85653051043553,0.978252378314466,5.5371368976995345,2.5241704909437286,96.62068557210415,7.512019768581739,Packaging,85.49137024313156,23.603700657222287,67.93845987907453
FarmD_B_00008,tomato,FarmD_Field2,56.31193710359938,19.679475549470034,92.930835209467,255.44424633539964,7.359224234589462,10.533860222674821,92.78740778634776,2025-06-24,7.740198465609439,84.99003910194637,5.789034483073373,B,28.466390438638992,2.329031782230243,Freezing,Plastic,239.92074127653595,1.0904604926751067,93.21732743047791,Train,96.12101713477568,46.72283673591917,44.08575479260346,0,9.180384643371967,1565.9829872432192,425.7090302107583,1.0269307326764383,4.633516850216248,2.9294959812491603,76.78624114849009,8.424285861366256,Packaging,92.96148348442662,66.77315513982384,47.99505162350707
FarmD_B_00009,rice,FarmD_Field3,35.686260081158636,32.77120080605232,111.76247951542373,151.74729482469888,6.878078064330306,32.591192249687815,91.91037188872328,2025-03-04,4.6725977249730795,87.11724171850756,10.44382260924873,B,15.019906427089278,10.511859011024534,Drying,Aluminum,380.331715112356,4.077998375975826,96.45768749219938,Air,893.6732833558968,35.855306461599255,27.19926375220921,0,5.2033123389377565,1120.0903417448094,475.13103584438375,1.0771533174858035,8.488765615140117,4.758836597137661,89.27988721278201,8.449808554918366,Organic,91.416209355808,59.34086819812064,78.37130299858337
FarmD_B_00010,wheat,FarmD_Field1,62.637078961323496,20.35343696884793,194.83779597841453,277.89444083024955,6.347772174121464,26.440001137693272,94.02513901865944,2025-01-17,5.111929418236783,85.13170763497494,5.612997656267149,B,11.044364314648458,10.078626276236367,Freezing,Cardboard,447.9379540280869,2.8930908026052475,92.98778702808399,Air,108.67389312415659,15.157919821139888,63.478774603346515,0,10.202403960266869,6940.138464967179,272.9566255531332,1.1414075793757839,7.402757603436018,1.556949324857343,86.49592661407999,8.243623424030735,Mixed,89.89124736617669,74.85503760829236,88.90059836029576
FarmD_B_00011,rice,FarmD_Field2,63.25225309245273,20.212757885083096,54.30523775924081,251.2009194841098,6.737490224629074,38.62999144468794,90.22109892255186,2025-05-30,7.835887844109392,86.95621451836973,11.095274441758365,B,11.024241822471748,1.405890464586316,Canning,Aluminum,132.3760427364891,2.704392379033282,96.53591479898061,Train,293.8206678737638,34.266192309085866,62.435794873657635,1,3.898123132421571,7506.588640454093,272.77676856613294,1.245356582698319,8.992079379712205,1.9028455821483208,91.83767593936288,7.3551094413889775,Packaging,85.76479691858962,13.44842750818095,25.95085568968254
FarmD_B_00012,potato,FarmD_Field3,49.428400188053985,20.58205590958103,102.83083474948084,72.05297792039532,6.761849726375988,24.686680464666168,96.7594901295908,2025-11-03,6.315068112806349,87.13556039066242,4.769952060204873,A,8.629647704956636,17.028434957822842,Drying,Glass,182.1610304248606,2.771108950011984,90.29129897551648,Train,958.1340037632488,34.627810297350145,13.656294014684203,0,13.79488912951399,6580.728934817955,414.6232865635109,0.8870807162454551,3.4424562507921177,2.762151791399333,96.07515699585008,8.505196176321002,Organic,81.96528306543512,32.755906466858434,24.40467783698458
FarmD_B_00013,rice,FarmD_Field1,58.20074307053855,25.5898827918491,80.83102024528132,112.04154785463544,8.313940547133939,28.326702281597584,90.42275608464692,2025-04-16,5.537385643104768,89.13029515198988,2.3660471256626874,B,5.625290083219471,14.705356455502164,Freezing,Cardboard,439.5053494014352,4.9513284637066,91.24287564109038,Ship,97.48627051269895,24.84915951884502,46.8845414818223,0,12.437184716335763,807.2303699563112,108.90479225104006,1.4009414856653728,9.146690822250168,1.0517127675007591,86.99816541736503,8.730591313561456,Organic,92.28765367559491,44.783447317009006,54.719712941109655
FarmD_B_00014,wheat,FarmD_Field2,41.89053999602433,28.547379429714695,1.527387351717846,143.47573527518017,8.305134754835851,11.50937971703003,94.05479381735243,2025-03-07,2.5150360437016257,81.42830775787202,2.724267130173857,C,10.889611679612837,8.534123416238351,Drying,Aluminum,103.94195074638328,1.7298974236087616,94.56960089597551,Ship,460.7767012107355,45.41073115403802,56.787806647600036,1,4.7950131610935465,5349.726671443591,404.53128804717693,1.2073772633003323,3.752868609399304,0.48888813601212944,75.08408121318949,7.852177356854833,Mixed,97.48900573614817,75.74578066253288,48.60961122338274
FarmD_B_00015,wheat,FarmD_Field3,60.31143130195784,20.30542304588476,193.7991029166742,175.62503528796208,6.065679743786431,17.315177660274678,96.42723359573928,2025-03-24,7.5422573561669175,90.4518303949389,9.469313091401506,A,25.616994616344396,14.036262650081568,Canning,Cardboard,372.83690484346135,4.555273522035641,96.53292015805755,Air,800.3432278036714,49.14433691992466,20.71101152179677,0,0.9436872323950041,709.6751240713897,37.0427106974867,1.451316511252013,6.636009245644983,2.4263915639249554,80.6226815374101,7.02562046435966,Mixed,86.49952538193556,54.854328418972756,47.801674824990116
FarmD_B_00016,potato,FarmD_Field1,54.796087876935374,26.968539648487578,76.97657325070861,241.36834210639162,8.336836442243948,26.59168148116904,94.4913163067309,2025-12-01,6.895819404208117,85.06560539000662,4.524941412749177,A,13.387343681418171,10.808718195326385,Fresh,Plastic,416.9048750542528,3.3837729144140236,94.14619212882283,Train,403.8772988435393,24.040336913864152,60.81995238308463,0,12.193753199527977,1899.0772605410618,470.2775676681248,1.232604435124596,7.960796511683496,2.7514330633705337,72.36574934278319,7.377079292575203,Organic,85.67050530984453,48.44926620080531,23.39722595454129
FarmD_B_00017,tomato,FarmD_Field2,39.4685849517605,28.0975505313299,57.777546362095734,50.990836220847726,6.893291097596165,37.643205505415835,93.78216951292602,2025-03-21,5.760304216028384,80.35965115685912,8.917972122822725,B,28.487486983031687,5.676951289764632,Freezing,Aluminum,471.3764242757392,4.946881054331252,96.24114938940853,Ship,1735.0182137033462,31.307156813187873,69.79728413560572,0,12.132213960831542,8075.148627888275,185.84249197614216,1.261985042666173,9.755538391857668,0.8706995100172843,83.04581353085943,8.322178347835369,Mixed,95.99677677085005,33.715341101312376,89.05807069548351
FarmD_B_00018,corn,FarmD_Field3,31.782524057244046,32.2586709018213,83.93906707054451,102.82407261162882,7.7979886820437025,19.127516318557184,92.73157816256065,2025-02-12,5.086821832507393,87.8418617402098,3.9702957662420673,A,9.051977706155345,17.994682737907237,Drying,Cardboard,347.6057807071393,1.0415536103809333,92.7813432550008,Truck,1887.9936886236167,42.74295692301463,66.66861020370972,0,4.4000491675514315,1957.0746936124374,401.0534792306278,0.750488022256437,7.375341303490783,4.958040037205524,81.85299327181558,8.744880290208153,Packaging,83.2169120157292,20.200715708449977,66.66831132540484
FarmD_B_00019,tomato,FarmD_Field1,62.24421247042636,20.930926539932244,16.117372609360856,116.5482698226324,6.22483372461778,15.997528447953373,92.57922328380094,2025-06-12,2.5003035375821625,83.90402565099221,5.711350803469761,A,7.623159381988662,4.569137849164728,Drying,Glass,325.44516961602517,4.646643439647868,91.89175137039899,Ship,517.4110591270992,25.37535809427891,67.02488249442287,0,10.918127196840546,3406.480098642445,214.46265904866365,1.0790390519798867,9.869778515890879,2.275997128181216,84.23911178150438,7.946004114021167,Organic,97.95064175985593,64.8373966321683,12.069263470453496
FarmD_B_00020,wheat,FarmD_Field2,68.27655854191003,31.21742619918978,16.509666706388558,68.92419217567392,8.761755292994103,40.83196921848199,96.19459999069528,2025-09-01,6.4695375055163735,80.11613465631439,3.2100467681892035,A,8.181607700053846,14.786944557930875,Fresh,Glass,184.86581259433237,2.0893926385600636,91.20829611129547,Ship,1972.1336633165088,39.97803101740265,3.93832118764682,0,4.862778416941042,9712.15172822799,215.2650412913239,0.6095845384668893,11.889537102448422,1.2701386250489966,75.81369476396485,7.1908598640076296,Packaging,96.6031172066137,45.39373849454462,5.57478449886638
FarmD_B_00021,tomato,FarmD_Field3,44.742641439255735,29.221132103027273,28.40533641446743,161.64297887685785,8.60295953733791,31.20075971112676,95.54205606145119,2025-12-16,2.45645989829714,79.18410251493776,5.094505841225922,C,29.199028201980706,8.056340147932803,Freezing,Plastic,190.6439224560293,2.9039180755568177,91.30148693551611,Train,1060.3424592003487,37.67554121142532,20.699453346900295,0,9.140401448245937,588.1533827493538,337.28308930666225,0.653362853413461,6.8786315683127714,2.8142680383386276,73.2110646485346,7.961317794412223,Mixed,89.04978934703644,59.6287494345016,58.2882712110711
FarmD_B_00022,rice,FarmD_Field1,63.39677524792472,22.407464642416137,63.604172377155635,105.37607134326063,7.354366525757359,38.18542352331366,94.20241145572248,2025-11-22,6.782250303487718,88.86260511632362,10.505326287151018,A,21.407755046497357,11.277207342365301,Freezing,Aluminum,313.62987751874454,4.65711936669453,93.28317185837192,Ship,1712.1101598221596,38.67099387924672,5.068494999817365,0,1.7619609718387248,5591.895157027227,490.33331236594796,0.6659789913812171,5.806551059393769,4.262590967117392,85.13844751159759,8.424895934314552,Mixed,88.17667140257224,21.815301774575033,21.327149890115336
FarmD_B_00023,tomato,FarmD_Field2,68.22207451774875,30.558992409763345,42.57085077259577,178.39774641040398,6.870278887883847,11.606452170068312,91.55306104246566,2025-02-15,7.956123135974993,88.57105408795698,8.01391830822584,A,20.23669086921935,6.780426891610873,Freezing,Plastic,85.50857707282753,2.654654825986867,93.85062934972346,Ship,1630.5639899254618,23.653958231931313,31.802772072440092,1,13.68937704040921,9461.309519099681,475.7818941030652,0.7726969949054427,4.22931894442165,1.171350446132987,89.52488251560841,8.288845940669681,Organic,83.23432191574292,40.15576558026723,48.511307212049616
FarmD_B_00024,wheat,FarmD_Field3,56.53181704126497,24.65236557688607,109.1000704141901,210.91345550473682,8.66730091126542,26.496143980864222,91.0394332172132,2025-01-08,2.8236630848645907,77.30828182331388,8.193147386368128,B,17.75230431885462,1.6873996815855006,Canning,Aluminum,261.32304876957306,4.916894514447942,96.98498464516345,Air,264.1972208355909,26.77469847599313,27.983526466373974,0,8.542327763990988,8530.994984098832,209.52864511704777,1.3499719511163741,5.715098105321322,2.2118111684769386,92.74666995446472,8.616073636703986,Organic,84.61545759220849,49.2582680473034,80.082292294798
FarmD_B_00025,corn,FarmD_Field1,49.889643512503206,21.385731304151797,48.809641500587375,269.41578582445425,6.957620860423635,48.879604078286675,92.66123551718603,2025-11-13,6.86767983820961,89.76904890623908,6.431331344181403,A,28.550471042172642,14.078949224082859,Fresh,Plastic,118.56234175180768,4.191526352681976,94.01537021472163,Air,1273.2610033186174,43.42105169230097,58.60324788286385,0,1.9191943437859145,4707.283764316872,264.11100571812426,1.2543773558155946,10.733315269530575,2.3005957330482802,90.83348286304256,7.540900844459266,Organic,82.89767525297682,10.605945543545696,79.35889177647718
FarmD_B_00026,tomato,FarmD_Field2,46.35668646493578,31.142468858769753,189.72091629499252,147.95419233789193,8.384644360009155,30.69010521953293,95.22936365431352,2025-03-03,7.150402545423906,80.5376923515744,5.644044707068953,A,24.418901831686107,7.005109882511245,Drying,Glass,188.58024821280387,2.464996764604057,95.34168098538005,Ship,63.71548039097542,36.045666386574446,22.357313857691427,0,12.991053945513006,6348.486999347813,133.39748085854416,0.8376877518230516,8.559228710268219,2.677919282393459,90.13252937880576,7.524049053470943,Packaging,89.17285047216751,23.833201456861723,16.902815456375897
FarmD_B_00027,tomato,FarmD_Field3,66.93936055437368,29.727272728513526,85.37389321009871,236.34723059848972,8.815721727674115,13.900424909821014,96.25777267494252,2025-09-27,7.629751826884928,86.20412186738774,8.915810968681093,B,24.448876720931672,1.096878927503753,Fresh,Cardboard,52.65042251586482,1.3863011699909724,92.62076152850551,Ship,1654.6625198770132,36.77196388454896,17.980789779517583,0,9.327060004412338,4310.523229240978,77.56037717652656,1.238268927653818,10.239480156549845,1.160164258977573,82.11468553273572,8.270891307943547,Mixed,88.16783298512118,65.57184154620937,93.73102592450694
FarmD_B_00028,rice,FarmD_Field1,50.76502416398682,23.441843237941306,17.288311705273983,125.53355595923463,6.447377089158044,36.4217894506606,90.68068980625205,2025-07-11,2.210701366479407,91.24020522790747,8.640402489808796,A,12.383386348816309,1.301315327339275,Drying,Cardboard,414.0191385189649,2.6142732985344304,90.5580463947722,Ship,752.6955936270246,27.896626986332393,58.35177357017766,0,1.208071038352747,2977.633633317409,442.76719227585585,1.3310407300166034,5.449449292537697,2.279162384546329,98.73921957426177,8.999920820435554,Organic,91.03184473429201,46.3760427485362,48.06180803211496
FarmD_B_00029,potato,FarmD_Field2,56.37891210207644,30.025622795654336,80.2211551313337,278.55174659069064,7.627986155304749,48.06807402478554,93.88341541709322,2025-06-21,7.353742739003726,88.85779246729676,4.363819291914111,A,12.074294484543975,13.205183864336515,Fresh,Cardboard,304.9689341131786,4.947470403208749,96.43294769138187,Train,1405.653707685984,33.00898427671976,37.15398268713383,0,10.65922935618198,8447.744259006915,483.007310086635,0.9043526466566921,11.12277471180188,2.313838285621792,94.54901832185435,8.186571709475583,Packaging,82.66991936734273,22.839366237773017,28.05494309115798
FarmD_B_00030,rice,FarmD_Field3,46.13094252562964,18.26594603810362,92.90610644986725,222.43939271370044,8.496824076242092,41.9801355041567,92.36010506630471,2025-10-31,2.431306534718015,94.93203760033094,3.9404937342133124,A,19.714249479276482,4.5359554499310475,Freezing,Plastic,105.82147278984093,3.992868687702007,95.09990495324614,Train,134.9337605887013,40.21997222752653,57.33410315572161,0,7.948070233044845,2905.1446080365563,287.79441946966375,0.8963395356618286,9.177770487301412,0.7193491439522376,80.10864855838896,7.116180433479595,Mixed,82.35578430522918,67.18709193188221,56.34094684611804
FarmD_B_00031,tomato,FarmD_Field1,62.882488092890334,34.277735132866624,47.276681545178434,282.89103169918025,7.258763487821025,49.98330707384901,94.05656911630855,2025-07-20,5.141303632882176,86.356382657491,11.567046781950873,B,16.423502370833575,5.659945333353176,Freezing,Glass,204.7197357319786,3.829376161111934,91.92785124544793,Truck,326.61019860550067,24.671640772192013,32.61690455288385,0,4.070174538631196,5621.829207080018,124.44230526153207,0.7978362516697184,11.531719622473515,3.013961603157447,88.27518067159856,7.649722108152945,Packaging,98.06717184295394,79.71631214626301,37.175287651882186
FarmD_B_00032,corn,FarmD_Field2,65.17731617258013,33.09746598980858,111.51283440391482,251.0821368455553,7.371935660381376,16.392012184006262,93.31842932198539,2025-06-16,6.4439840389403304,79.1233284752112,7.158221781017062,B,22.845312879702142,9.694042021912736,Drying,Glass,159.39534515235724,1.465279195059014,94.98510583724608,Air,1709.6809538464993,38.86406790912446,31.631937318782356,1,0.6810145140763724,7288.078413737371,258.3073090612095,1.4262620184120673,10.718307184686353,0.8421715945382718,82.01385881351563,7.32056187121284,Organic,83.55491494199518,71.26916020823097,77.32292966864614
FarmD_B_00033,lettuce,FarmD_Field3,42.552911683217545,15.532302037290972,44.79384276428804,159.94368099865153,6.608663031413366,44.57702981084287,93.20628262176676,2025-08-16,3.842179001728005,83.4065627676116,2.136370467118534,C,7.046545343226361,2.47531713710114,Freezing,Plastic,254.36957183037768,4.405989428124986,92.99385717149863,Ship,891.1388058466666,36.12105280137973,36.810076696137976,0,9.49939501616297,8089.091832492372,165.37457151074256,0.8822489036616109,6.928219864576597,1.6566982588483974,83.19511306650224,7.416149116504493,Packaging,91.80031750924425,15.128383725082458,25.043563717392658
FarmD_B_00034,wheat,FarmD_Field1,63.36834293029007,17.64572974091989,190.8811477137213,260.74442375620225,8.897758063496527,40.335076818618745,95.58238158504294,2025-08-08,6.218252736896652,80.5659708945746,5.88775026104144,B,24.283624632990133,3.9140305597445164,Drying,Glass,362.61103813189453,2.197491410335288,90.92486532634229,Train,1773.747721742605,38.71509900607562,46.94159768988691,0,4.660079999488152,6865.453815589874,192.2892161954004,0.8981293329980797,5.3356554292433795,3.539660452090521,97.08493791289516,7.622237500213243,Organic,84.36849050053173,45.20965013022936,58.50754892136016
FarmD_B_00035,wheat,FarmD_Field2,51.02985046432876,26.68884929446091,60.52524532820447,294.9504785195034,8.663201108627245,14.831300594273099,91.75771153521,2025-08-24,7.066912972911039,83.99633266951717,10.654009529063796,C,8.239088825425704,18.912595255470432,Canning,Cardboard,202.81604061047022,2.028255292432909,94.26415230832097,Train,706.0113577586794,49.43309285042642,71.72083886328583,0,13.367337948384606,8518.151078595327,144.62841653807783,1.4878756002946962,4.553637480454835,4.814900705902025,82.90708424474356,8.667963359434772,Organic,88.92439270537763,33.98932480043097,74.48101058852443
FarmD_B_00036,rice,FarmD_Field3,33.312362096988046,30.357482046114477,54.57556254262177,118.97422610344564,8.07787554081125,10.367629738614127,95.17393235683754,2025-07-30,5.183684093138811,74.09609289955299,7.524850079618371,A,14.536692610357639,15.589320106345465,Drying,Glass,332.1942522856457,1.8830555543059497,90.57758358382978,Air,1782.8417442302175,41.68903929116682,54.03371707956455,1,2.019265204585931,2073.0221683290956,80.98419395677153,1.3043963313790683,10.480167804076595,1.3230138664700481,89.0468222194495,8.577476756364614,Packaging,82.68461535602235,30.114354484751228,98.72496924187162
FarmD_B_00037,potato,FarmD_Field1,61.86983374638077,33.33153804123776,180.09836811855578,273.45887972815,7.978890230659713,42.792993335910836,96.39309164286166,2025-01-19,7.793736426268946,89.43659048449909,5.7659705785251765,A,8.542134706740832,4.092579834870358,Freezing,Aluminum,453.6207822061073,2.817126409404486,92.63576417141489,Truck,641.8840978490067,29.138442928752085,14.363349494254592,0,2.430622975592793,1701.778438581342,16.5305103806019,0.9408107496194587,7.877772633338294,3.1605698796087314,82.27253020064953,7.3563966477528995,Mixed,81.01175071613989,47.84899231985783,10.50872393975466
FarmD_B_00038,lettuce,FarmD_Field2,44.19152054593335,28.37910142111441,43.54382371612808,261.9647323950534,8.363562421730991,14.636990754919106,90.99809997031181,2025-12-06,3.0649334995248436,75.64198253210563,2.915146029366818,A,25.029559523313132,15.81329675832914,Drying,Aluminum,497.33756071336296,1.4089553783305768,94.99607710666507,Ship,635.58439772325,30.87894108002508,66.7114913365626,0,3.4410574521018185,3487.298773701249,189.49095225098048,0.9586136346808644,5.628922060555087,2.7430706440475205,73.21419444692634,7.600616042042813,Mixed,84.93575454606317,19.869104065751472,22.385825476659537
FarmD_B_00039,lettuce,FarmD_Field3,55.249712328497274,33.74172640120932,198.14068144456783,232.88866891761467,8.930977939536298,24.407421389812125,95.72010801241201,2025-09-07,3.4502896165821686,85.95745507456445,2.0449787804980284,B,29.635322823971048,15.877756748121561,Canning,Plastic,260.47869052252497,3.8103436214049595,92.89521637895892,Train,220.83672150401281,24.224220966827744,25.461485875285522,0,14.832209640015744,3336.2688101770773,193.76498864279498,0.6639021303534395,8.632959835493024,4.131203768836835,86.97223554943807,8.639937210060264,Packaging,97.75579123082375,24.76115066876024,84.46439769430786
FarmD_B_00040,potato,FarmD_Field1,40.3964142243773,28.4569461690539,79.08736613636226,183.7728830270201,6.609968497890088,26.281308155871788,91.13532511005,2025-01-11,3.884010749067932,93.37270269579042,3.4743485039974766,A,5.669647081897135,3.7852002366615483,Freezing,Glass,124.79520076195105,1.1798150371829115,94.57558404321172,Train,228.37872270506466,16.152389554994627,16.360207464710328,0,11.182776730979175,2794.770447947963,160.6470601452533,1.0473683590799965,11.583997588401969,3.4618526989656035,77.07648427635033,7.43332895209895,Mixed,85.68129154232719,14.575479054177627,77.62315985589291
FarmD_B_00041,corn,FarmD_Field2,42.733949114323224,25.415552595136123,14.406702954900808,134.86299178986627,8.833094837317857,26.49826611783949,92.82321789327425,2025-05-17,3.271027778992056,94.03668987578934,2.391788938742339,A,13.192592842857627,4.708278426882182,Drying,Glass,202.81442867096558,4.21523801940538,90.83403933237139,Truck,222.1892923944011,30.1051926124326,38.48364568441387,0,12.668930580969745,6959.031236486636,261.0168980821004,0.6973244511630365,6.564962150540419,1.7954062718633113,74.87733479498736,8.097629546915122,Organic,86.68370722542508,57.35034299509337,78.58357946756972
FarmD_B_00042,wheat,FarmD_Field3,32.67810124296392,22.434223233845653,86.90439130121325,179.52505089570337,8.61801565031078,31.520908511207665,93.97247367470165,2025-05-23,7.30846729900258,91.73406031242462,8.327565559966867,B,21.196844425913586,13.284081596653813,Fresh,Plastic,301.60848677559795,3.3295827194457734,90.98870847183693,Ship,92.03703063303529,36.0229674113604,59.578803796087556,0,12.12297255407013,3487.1475153766182,169.9289426021587,1.4753930365794385,9.992532051992525,1.235399501325497,73.75801751343143,7.518492745830502,Organic,96.29263540036732,67.63023329222179,41.195485037176404
FarmD_B_00043,tomato,FarmD_Field1,38.93932903104935,24.683176074258117,167.90184587902192,211.93132541057568,7.4852852754227985,31.75421144077481,96.01999540540749,2025-03-24,3.7348852645680095,71.57915729210279,10.932845031880953,A,10.500539841333662,5.610690461463488,Drying,Plastic,147.88828610674648,4.452809661291814,96.5050718029591,Truck,1040.793859918188,26.73461422864666,61.303174426707244,0,5.829897955223612,7682.742344988473,92.45775110256899,0.9783622253473516,10.88170235680575,1.0262116298585355,94.94139293253228,7.922099747842573,Packaging,89.46720246770967,53.879127113805154,76.40073171896393
FarmD_B_00044,rice,FarmD_Field2,30.37140779300518,21.40778872904823,2.1001772485150116,266.10848343879184,7.1351985986115265,10.350143538925227,94.75557340956803,2025-09-27,7.205098264858131,76.10210845693186,11.597803826349766,A,24.138064119985376,12.11508156503484,Drying,Glass,335.2790768701519,4.694310082609839,93.27294183051815,Air,1723.2645343741708,21.825588764656665,51.62965446832865,0,12.434307470221672,5213.54776773171,480.04969132661074,1.3572541178049793,5.071562300080874,0.037011605926741686,84.35831616507711,7.361799310016693,Packaging,90.75687833379817,31.574524705649086,99.31287674080045
FarmD_B_00045,wheat,FarmD_Field3,44.89156355121798,26.82818003005511,108.06234876188543,81.56262271276367,6.809848264145441,19.70317848511883,90.1710610378702,2025-12-24,2.361744092034505,76.54885554597134,3.5616758864130906,A,24.247925087725168,18.758273043548538,Freezing,Plastic,295.11382209316315,3.750229222760941,92.42441238468855,Air,205.28914887423414,24.657593896256166,33.8433861350326,0,0.018106427556928706,114.72169195871744,479.9211472622554,0.5786729501346445,8.73594013113846,4.799111590012442,95.53318202244671,7.33895520054642,Organic,84.76272131005099,55.36801158768829,34.15503238081615
FarmD_B_00046,wheat,FarmD_Field1,67.03213285739112,25.630805683909106,10.26526172104325,59.951086833083764,7.2321561542120465,44.37784177562888,92.40829888100741,2025-04-21,4.1248404344532625,90.21646267374813,11.233716521930646,B,5.1373397100686375,7.880995472374169,Fresh,Glass,422.35367196305265,2.882601903382662,90.97585710019428,Air,488.8178703242532,48.979294066771054,51.12125722509303,0,13.525248186114863,7247.406842611144,42.3790872978641,1.3837879334668717,6.890186573387345,0.028990152777793043,94.10118582970149,7.364765280197219,Organic,86.79546864397176,18.885651795176265,60.578392015582715
FarmD_B_00047,rice,FarmD_Field2,43.95270297449479,17.086654909775763,82.87228506407567,248.2921011710435,8.811810342530855,25.427208907473172,90.29125277356842,2025-05-21,3.6715457896750143,86.10072584622856,3.269545381462742,B,18.940080919217458,19.249969680897955,Drying,Glass,73.01466285188806,1.8591675581890592,90.91626134464109,Air,129.1240774105375,44.80423406500009,18.036932904122796,0,14.017851256940693,7646.460289678212,70.35811127766037,0.5751274612005515,10.499182838060015,4.355189263192724,92.52297234502699,7.1787026923975015,Packaging,84.91206143872556,64.88635722686425,8.46898634286488
FarmD_B_00048,corn,FarmD_Field3,46.839752527921,22.053876784281652,0.2991019469894107,121.67299612771517,8.359807114470545,38.311271759683976,91.61777645761126,2025-09-10,2.7904419949930306,78.66544845465954,7.534459122443978,A,27.96623185302787,5.725526763092688,Drying,Aluminum,452.51185181229516,4.4223769704122535,93.40664550928265,Ship,815.870524687214,21.704071986170952,25.583372799690533,0,7.54446743411447,9756.333004404003,149.23090930808957,1.3719232117089386,3.61949840862236,4.495632294947916,79.94334521982944,8.203257822986886,Mixed,80.04411212769666,53.11425321638741,56.4942416467795
FarmD_B_00049,lettuce,FarmD_Field1,37.27243343264833,34.4087033732217,10.36339073772945,214.15573303864142,8.983068299648693,39.15018957769523,96.64108867215027,2025-03-26,3.94051736404076,71.77122019664023,6.791429817155049,A,25.82603947907144,10.346131705591056,Fresh,Glass,55.05134219957919,2.191035586411416,95.92831499038407,Ship,677.3521309877879,26.615399839982054,19.022493944310582,0,11.422950955071066,8458.377091913582,219.79047005110954,1.0941103880984713,3.129721873684231,2.8541507066534932,79.4980106522274,7.96749397189691,Packaging,81.65343211580122,27.589399434756956,78.9274230360419
FarmD_B_00050,wheat,FarmD_Field2,39.07279240746715,15.920760809655242,159.67166415108085,189.17164271689094,8.512032975943098,38.99959447699108,96.90330555129323,2025-12-28,4.316074639581314,75.07619453705239,5.473616647519343,A,15.93328469112324,6.345854682280534,Freezing,Aluminum,57.10940718873374,2.0237308863577668,90.02051395861498,Ship,924.9287570766596,26.63373301311679,61.784001479467314,0,1.3280708140011548,3085.4527677488027,221.77686635822278,0.689142472017286,6.06437197823263,4.86389897671292,76.84295633909719,7.443524062110493,Organic,94.3463413182181,40.22653245311387,76.1322533318582
FarmD_B_00051,wheat,FarmD_Field3,63.67479157109972,22.973130040415093,25.11455923552144,167.92338065159225,8.93344611070383,17.34148919833812,95.20313015778017,2025-10-14,3.781223324438045,83.86154539201895,10.007787183994495,A,25.288684383216545,16.665278693933388,Fresh,Cardboard,85.60079781548438,2.6385442635122,96.16668502586302,Ship,139.4255687720954,36.00676799131838,6.456362594738462,1,10.541060780650568,5207.309246429035,340.8802207351242,0.8435331853237413,5.146772785934458,1.562181356685135,71.21796678786465,7.916468823201036,Organic,88.50791703228934,51.809307110119725,62.11960040965533
FarmD_B_00052,lettuce,FarmD_Field1,42.61106483657662,17.675436098843285,112.68336147825441,235.98843580537613,7.759414224652774,11.30362350781219,91.18271851947448,2025-10-05,6.289177665036764,82.56417747616916,4.416158997875996,A,27.68331997767457,12.858092912653202,Canning,Aluminum,425.8221768919438,1.6148153893469686,93.88870171408722,Ship,1793.0157483829576,37.97564483998729,60.68074591502836,0,9.71034261661156,1256.9003301551124,297.4959445613179,0.5145614014666196,11.715578444279473,1.3402518856056889,77.8839895408186,7.912435717636272,Organic,89.08396439650312,68.98029162104989,76.90342030342784
FarmD_B_00053,corn,FarmD_Field2,30.084166786151286,21.093426088895804,151.34546265868113,240.8526797556588,6.371330711030195,10.786131336814758,92.92144185264506,2025-07-26,3.8116782653273154,87.98129734012474,6.849011436999232,A,8.781950959758332,12.992058764218232,Canning,Plastic,412.9043553720342,2.897720879275225,90.42745478261337,Train,416.279515853183,42.25581205750173,63.10703804859027,0,13.726886183515811,8926.963109521581,30.39733829024434,1.2306112410807226,4.509186181363394,2.50262458915685,74.78198982920792,8.975724423852354,Packaging,93.43765084612586,20.910820946809295,12.323326759771314
FarmD_B_00054,corn,FarmD_Field3,50.22374806765295,30.328368165611543,23.684524533942273,212.32607352448596,6.67681130793451,28.238751693051576,91.19039422144049,2025-10-12,3.1527781633578984,88.09234504212928,2.9493273210179956,A,8.736442924367642,14.317912586683818,Drying,Glass,373.217991771556,3.558247478153182,96.38173091642759,Truck,1544.5662392355787,25.852212145058786,12.33627599291605,0,5.97302684787287,2884.1766393935527,255.21310721679322,0.5327597817284057,6.944473902129417,2.273630107580998,82.3132161349543,7.194680415895171,Mixed,93.42751709153443,32.64908148116112,54.445840605710295
FarmD_B_00055,tomato,FarmD_Field1,67.6461209662228,31.721628701933394,37.490973068208234,202.8697347269026,6.215008389341412,18.468891350797424,94.5254578707499,2025-04-20,5.929627129621094,76.18901255785782,8.395479597211155,A,20.701354556857453,5.996122440760303,Fresh,Aluminum,261.7558816619934,3.452078583289414,94.20244298071175,Truck,660.882341474326,46.08745877181103,2.4116857022141227,1,7.080748794199458,8407.577111943623,419.43296451708994,1.0000186496735197,11.329924517578768,4.631929994186236,87.42397589420469,8.747277466582464,Organic,80.15357756280122,31.97405139621711,56.41857304886434
FarmD_B_00056,rice,FarmD_Field2,51.60469397258047,34.32483223291938,8.757675496496198,180.23665696931525,8.592479843234946,30.742399073402478,92.83689580403983,2025-02-18,6.249671356611547,78.3469722456477,2.0704605330184025,B,14.897944464632555,5.864180454716667,Fresh,Aluminum,94.9296763359752,2.044065933751225,91.4493215694141,Ship,555.872751765939,26.415920187829933,69.49532958420612,0,11.141484913817976,1015.344713834465,440.82516559550197,1.3232764087841165,5.7521638328808855,2.3583261704746987,94.44700797035009,7.259099519374351,Organic,85.18288195575408,74.23502740998444,97.66414848133046
FarmD_B_00057,corn,FarmD_Field3,34.60118127196559,30.36070798119855,195.85731465707374,221.90940702033998,6.417328810456776,10.401078505769487,96.73223008977703,2025-04-10,7.525127835567372,72.35495206327073,2.726937491016846,A,20.208123981079574,10.824184701690026,Drying,Glass,169.11687990957557,3.0140409803103574,92.4277410938401,Ship,683.0860861796956,38.99612028632387,25.298028929799422,0,8.375570706821524,3684.0359706438976,108.22224943160306,0.6490349164393322,5.880993454873768,1.0407541191917917,88.73970995177925,8.163695505010832,Organic,81.36913499710296,79.67095838871283,40.38975747566378
FarmD_B_00058,wheat,FarmD_Field1,44.86020309388619,30.10424381914067,144.4931655186074,149.32859045448015,6.011056867179143,15.93375631071002,93.26392640394165,2025-09-15,6.091305190327433,79.49999072042753,2.260707762880763,A,5.368246897059696,2.4260430681664107,Drying,Aluminum,300.0794618122809,3.232636962306178,91.31219400763892,Ship,1633.8146266168756,21.80953433193725,7.98335628854074,0,10.447700531838352,4328.177898247217,478.7237548599497,1.356020780261372,7.75605111115708,2.950998867020647,91.32302630313379,8.182687775534294,Organic,80.89087261461884,37.90477168383265,23.38988915532172
FarmD_B_00059,rice,FarmD_Field2,33.866889820012645,34.27975562822078,28.998915791361668,165.66666414659096,7.452054800942717,10.565316783979043,93.96129907602949,2025-12-05,4.847843741057195,83.68644291878235,5.513152088716892,B,7.203775345736577,5.394143116598866,Fresh,Aluminum,365.4601819754075,3.614710935871652,95.59766549632434,Train,1235.1447396126425,43.71218950824648,11.352178271206062,1,10.357412164616708,9245.189741017915,243.00623150338978,1.2031668109838622,7.865081272599613,0.30869578442483336,82.68249261200799,8.34578461488443,Mixed,98.69177787880417,13.908164621504703,8.620105170370461
FarmD_B_00060,wheat,FarmD_Field3,62.103127130454624,20.98611148776333,112.23989395786622,120.19025379374818,7.180786121852906,43.17834405648452,92.07395576725682,2025-02-09,5.230854130126608,75.78229654294,5.163706971554658,B,29.293322296697998,16.160240347095815,Drying,Cardboard,130.67608004949665,2.5223372862741344,94.21277118911551,Air,1840.5686069069259,43.31802567472204,33.68594213145322,0,10.009506097007941,7045.99477992991,498.27035076631864,1.1097082533268932,11.85488798268119,4.479869406875132,91.27934810549803,7.233939288403158,Mixed,93.21224216062502,19.62454620332244,17.515831600548417
FarmD_B_00061,wheat,FarmD_Field1,48.163301473608605,31.414858927437304,42.754144636004796,284.72889465592004,6.696181470571589,26.47233776890918,92.67157146615867,2025-08-19,7.706635366453704,89.44318763316505,6.105763164089358,A,19.440648747160388,6.547908671691039,Freezing,Aluminum,54.78625244026422,1.7084225892433103,93.12663466958155,Ship,236.57992301750653,45.253063062108396,59.73805720897022,0,6.9037427311949795,1120.6473882404025,14.115902028092346,1.4775458748652754,3.2123471451800047,0.8554320105940577,71.0476874924575,8.105191287884164,Mixed,85.77840858950486,56.38043855410578,10.217480510991217
FarmD_B_00062,wheat,FarmD_Field2,53.57649776783445,33.92959434620697,169.9343402448099,182.88665324804404,7.9867505711270335,29.337252509609808,91.86795409296572,2025-04-08,7.401064047054508,76.13195252368826,10.240550417106704,A,26.754893248665056,12.532373033605289,Fresh,Aluminum,361.0881644429551,2.780332252377344,94.150863952413,Air,839.061017427942,17.646743256547733,36.82127574392756,1,13.939776644692333,1920.4058408754868,498.6812570086577,1.2947435759497172,5.2778097076132635,4.092125902194496,75.51910398983652,8.615721573918844,Mixed,84.2155397738136,18.02245106172456,1.921470481383114
FarmD_B_00063,wheat,FarmD_Field3,54.6326110370703,31.915603699048006,188.0805483988948,131.1089382993257,6.4519385787869865,15.265896871594965,95.97362278041835,2025-04-02,4.630033805504167,84.13164198872452,9.943256561003675,A,6.878773168921011,4.722392390993431,Drying,Plastic,115.8031625423593,2.0921691104632467,95.47092344333034,Truck,136.5480926560573,36.58893785426528,53.92289433563895,1,4.6502396210270796,9419.833144117332,114.88862522468324,1.446246280323427,8.030649513392369,3.8985019966689585,86.02159855891277,7.5086475485166355,Mixed,96.0664198126029,16.300003668622082,45.25548412597743
FarmD_B_00064,lettuce,FarmD_Field1,65.31872090068325,31.78086415250506,156.9626821776356,50.70972628711088,6.861289774288709,38.070262613693714,90.86741761450355,2025-05-29,5.779258149470008,77.44607733172558,9.747893666741215,A,27.528209123682423,8.225876252169764,Canning,Aluminum,174.8647701179134,1.365940097365685,95.16353826653794,Train,1106.5747347379634,22.05268047308194,14.20413200805227,0,6.862904890029406,3777.4668725696697,88.59393096896216,0.6276807977256852,8.600346446840796,0.021608733457365026,93.6725112846232,8.771075183981395,Packaging,84.27167802402725,71.29551997388077,77.98104604109355
FarmD_B_00065,tomato,FarmD_Field2,49.20141197254485,34.25215044724533,114.23219336436672,242.07361588522792,8.939299853422725,49.573312538571614,95.68162153263167,2025-11-13,4.782247993239919,83.48771496887674,5.030722890914386,A,10.206443417234457,18.167421112426098,Fresh,Plastic,253.04868228452415,2.3304246662680526,92.2370915145501,Train,1125.6819640243973,20.139382238842742,31.399230861246153,0,6.0830857847607245,3418.542687736046,426.81620092686705,1.4117064241676225,11.304341974193658,3.0659077264292804,76.15375315598762,7.167108773158846,Mixed,83.5461619936749,15.595610325469282,32.17840052228009
FarmD_B_00066,wheat,FarmD_Field3,43.24946034196029,23.308249161714535,129.10200686609227,255.98533763779827,8.875055835766947,14.939272189193415,94.35775623911192,2025-06-10,3.4625792797518335,89.52839617553137,3.9861816999635575,B,6.469234156917274,7.910678109825432,Freezing,Cardboard,186.68679282191823,1.042243632577442,90.59259113559341,Air,1230.719884799127,29.181971496881925,26.80787751349388,0,1.1368365553849973,3473.460153794914,29.811042248869974,1.0010590679615032,10.470272610340956,1.9258061358786542,70.75881627069005,7.460948983162871,Packaging,95.8035604640006,78.57883341613179,79.68113368675247
FarmD_B_00067,potato,FarmD_Field1,59.77524321980287,29.571250504618135,115.54292471585165,89.90052288068524,8.406749835486844,37.92321095288123,95.07487130027695,2025-03-23,4.276060163113479,88.65757143983491,9.271228583800003,A,15.027504816700919,13.103410800206287,Fresh,Aluminum,238.12500945309205,2.2843351244609105,90.72317518204689,Train,317.7296085990185,26.432247284173094,37.440353323131234,0,9.855954152466921,6737.39627778184,193.17337450173466,1.435261022851336,11.311390489107037,2.819439484087286,88.1296683916004,8.37567549751083,Mixed,80.3646993392825,39.31536280324622,54.75022947889288
FarmD_B_00068,lettuce,FarmD_Field2,65.5418007323025,21.21093876358565,115.479946750189,298.0030165791733,8.301647639272304,31.77494718103105,93.73373289134098,2025-08-08,4.763859361620687,71.73297073099229,2.77713239691351,B,27.39607676878089,18.932340458792268,Freezing,Plastic,478.827086277793,3.2314052796493535,96.52892069084476,Train,867.8757569995465,27.182915369342403,33.547721574676714,0,6.608652476760826,1222.5704441948606,441.67289589648334,1.0574124073230053,10.248904856676965,4.035960196532693,81.66322002606994,7.280322742874852,Mixed,96.17315077640016,21.017658950774496,61.26998695207651
FarmD_B_00069,rice,FarmD_Field3,52.264355340246105,32.37503232018619,84.03676018884944,130.25866630936554,6.2870404588669695,25.772681985261443,91.00054279090824,2025-05-20,3.1937240609751534,94.99392177102037,10.052978964452143,A,29.034647289192996,19.45691901883773,Canning,Plastic,191.07279285563413,4.449172708463929,95.20155048393198,Ship,1735.13482441963,45.71121767561053,19.706511024103694,0,1.7090083847148674,5284.4845297303,139.77517966588192,0.7475772476990132,10.987460535478927,0.9339366623560863,96.60905143879988,7.908282509628955,Organic,97.44222538834009,47.24178355993971,60.93898034131126
FarmD_B_00070,potato,FarmD_Field1,53.97865638646989,25.680410182608817,42.57832974053297,243.98887579059272,8.656320945469659,32.1627285234291,92.82716570340006,2025-04-07,2.616665429324056,90.78954349910143,2.0073955190220087,A,21.086281130522053,8.023482551767833,Drying,Cardboard,390.63238761645465,3.8769500865022706,94.73201691721141,Train,261.5706259696115,22.83062325783765,42.61583910558145,0,3.023330639802779,4011.588300813587,295.2512362949604,0.912529322726859,11.546527091218143,2.807516803839235,93.50198502360176,8.201589731616362,Organic,95.62961598227987,57.90733596254,87.88425439013037
FarmD_B_00071,lettuce,FarmD_Field2,37.30923408950181,16.665510216784597,142.8921016380264,58.98901375010114,8.516072601593331,25.335108319657277,94.58270454766271,2025-03-20,4.300147086817084,82.98815082167341,11.338892768385596,A,18.484096258444087,1.5255496581574306,Drying,Glass,441.4220783683249,4.209368804283881,92.07321226226817,Ship,1530.812637946654,16.962793548756064,32.11500078373656,0,13.92926915065695,3329.7020235508194,10.669522853461784,0.940918907700946,8.34065984378345,2.501020673283492,85.7633102586754,7.984530581374072,Packaging,84.79957746744087,42.636130532171336,88.6661451271906
FarmD_B_00072,tomato,FarmD_Field3,52.48340586584137,25.878436351859808,25.76763994818274,172.8539109699858,6.2681550556301255,15.036353039451512,92.75394149200298,2025-07-14,7.661253084916696,89.02591933524198,11.343934736453377,B,9.83278677093098,14.61672574105705,Canning,Plastic,54.77778560441294,2.948903444473651,90.71323948603224,Air,558.8151318940982,43.25244681487754,25.631552153088997,0,5.774928616522673,2726.2014049478225,177.1072620260903,1.304353342379088,3.2944858620996045,2.7989170922207007,87.58084280592037,7.101207505382623,Organic,86.30796685367386,14.48159960715499,43.62857335637216
FarmD_B_00073,potato,FarmD_Field1,42.448530290489536,34.757720780965954,113.58110795725369,93.76884671969589,6.9308456774683,38.24956926535216,95.42785780040758,2025-04-27,7.659577792727837,71.15882354564219,2.526942099981765,B,12.46165147919065,7.029562276656,Freezing,Glass,455.8093252703631,3.7577937983795966,91.61042109063818,Air,822.1155258297035,43.34938239277843,15.45040748442877,0,7.255527501639746,7121.018723636215,416.1862427017404,0.9502469946765738,10.592585774123986,0.39730199149892675,84.33686306399787,7.347483281106931,Packaging,94.40331654804731,53.197102714614374,52.83800263016564
FarmD_B_00074,rice,FarmD_Field2,30.903385089367195,27.805668277486614,26.41002965767165,186.2127091491102,8.138606384967009,34.567220623041266,95.14299643353937,2025-10-25,2.9177347312966155,71.0909286397553,11.657427364947287,A,20.018823485480336,2.279304272023461,Canning,Glass,439.5995953395103,1.952717996910184,95.16318499503413,Air,179.02640440009034,43.012713618936665,52.39593043463907,0,13.078410181286527,5886.005666191155,287.79564667402974,1.2481021078530747,7.680207281820048,4.242068052422263,81.54004818174839,7.275921683951648,Packaging,97.30225665664054,72.61271902072028,75.90623798656313
FarmD_B_00075,lettuce,FarmD_Field3,49.741680948471966,22.770807768240516,31.94471464627988,140.1799787441742,7.989668923690287,20.64489984383389,92.21117038752207,2025-08-27,7.6275394337064775,92.30628860665954,9.974689561879877,A,23.71277551241937,5.601160670188293,Canning,Plastic,382.50701065492683,3.906159726464404,96.84571695576486,Truck,965.6508656064656,15.620521897010793,39.72883395426187,0,11.58604204888866,6218.450828415335,228.96917982231983,0.67469563767502,5.212034279188662,0.29189075858897073,89.24171500676184,8.290627719289345,Packaging,95.32188998706995,42.5389345088018,72.73246940936517
FarmD_B_00076,lettuce,FarmD_Field1,41.04347615937455,26.809097968602952,28.896857677280074,181.6863271646197,8.44942256370958,26.73866450081528,92.47227914178701,2025-04-24,2.3717637392562194,71.58446174634487,7.610572802982454,A,17.339706401087227,14.769192709463827,Freezing,Cardboard,348.5108130812075,3.5931545605940665,95.21744775308758,Truck,1419.9794979608007,32.54148616413687,21.44477624918686,0,12.59332811702953,3941.579660464558,310.74587390630313,1.2896379942826588,8.332361534012668,0.11956837376367158,91.68110705703397,7.900283810930228,Packaging,87.76767823811933,11.244305402471893,86.37160130721915
FarmD_B_00077,corn,FarmD_Field2,66.83304433934819,22.456301877353987,141.70936500671849,139.99443696316203,8.863794179473313,42.33940279569215,90.75407267713167,2025-05-06,7.107173453427936,77.15118905438335,8.793443627519663,A,18.00638269148744,2.5704411681515538,Freezing,Aluminum,155.40032738771265,1.899998160275068,91.8069112310618,Air,1880.615915395091,45.56585143292414,41.24763634702386,0,0.43598051307315644,4183.763922144045,498.5561392241205,1.4597312446766386,4.205843763194428,4.012555887370607,78.4686835428643,8.368890483700607,Packaging,98.54779724373199,13.18026484766368,26.4546621052393
FarmD_B_00078,tomato,FarmD_Field3,50.577452461976875,19.273655473786167,15.516911110004328,285.9255287443957,7.885613760290165,28.832674930319754,90.02707179542736,2025-11-14,4.00056679707893,94.70133395525022,9.947110237157831,B,15.251602877820524,11.62916639805998,Drying,Glass,301.27754753923466,3.772946442147711,91.9066410760132,Truck,545.7244383278867,37.556761123648236,50.032074200032305,0,4.381462571367754,101.56382140487136,240.24557550163576,0.9741720928401066,6.422015625075279,2.878434348112593,74.91191828339097,7.875915551497837,Mixed,84.8479184292906,13.379676748066611,83.40337324875254
FarmD_B_00079,rice,FarmD_Field1,46.018798186139726,25.03862977350545,151.1254579048747,64.88719616855852,7.385729209074581,32.2141569459527,95.9152146879526,2025-09-24,3.9849694132962887,84.90815874243305,9.397019480408343,C,5.017359439480977,16.4608615828829,Fresh,Aluminum,397.203156438405,1.3867355548930438,95.43351126277001,Ship,327.335442997705,45.31470723846743,43.906395339896974,0,8.992977556413798,883.1732539605578,156.6466037069717,1.0417267282787406,3.3666855718762996,2.7256442889380117,74.40183915721403,7.339003095760573,Mixed,98.86625692848135,64.35751941943249,99.57452075941185
FarmD_B_00080,rice,FarmD_Field2,35.664974244649066,28.928054094340467,12.163532180059322,260.3030450815734,8.806583061386231,26.423331636101,93.62164872998324,2025-05-04,5.814122675017003,81.15826272448254,3.3277439355132525,B,24.85233822122631,2.348208391510616,Canning,Glass,322.90792391933064,4.5429369570364,93.78096188240903,Air,677.0155287729762,28.66451522605245,35.84657903187998,0,6.520988315348793,3731.653766875777,121.6771793431482,0.6803905596390077,5.73944771638983,3.7679375509726643,82.57301751322031,8.079815925790538,Mixed,92.39406118583507,50.8489445213457,36.321767118585115
FarmD_B_00081,rice,FarmD_Field3,57.20898406173079,29.56047320664861,31.273769835882813,250.36222064447026,6.090638383570984,29.676663792401094,92.36101478433537,2025-07-19,3.951228413845376,92.58497781936208,3.8498641735036516,B,12.216913184109474,5.079026344360794,Freezing,Aluminum,108.62690030142919,4.177445442361728,92.4765130710435,Ship,704.297494548589,25.709074284759353,5.743128258372808,0,5.614167214891771,2501.8642907857575,494.1842889703671,1.375100722178407,9.712242132131117,3.278711841592796,95.6493168246952,7.901719332087775,Mixed,85.76898938764725,53.04480296074115,69.89421610194783
FarmD_B_00082,lettuce,FarmD_Field1,62.63000182702149,27.448038093994356,129.94192520613868,185.21372220040547,8.156106012044233,24.65678575247077,90.29981195597385,2025-01-21,4.289127311351458,71.90218905310763,8.580605125243213,B,14.064320304327445,9.969564106509091,Canning,Cardboard,136.58780820802826,2.083320718232208,90.89906490577486,Ship,603.593693184858,19.08048526576599,62.56417521254201,0,14.64574945493712,7316.632695630763,442.6576510437477,1.3183623747549724,5.086325517371627,4.580281029896275,78.8994810613916,7.694080900086981,Organic,96.2355074282062,66.23438745581235,83.65821553480224
FarmD_B_00083,rice,FarmD_Field2,32.98584209259231,19.033926367077616,100.98038779509952,139.8737982781696,6.325227288643388,44.36300959914597,92.88770278835707,2025-12-25,5.929063935682644,73.22793705345396,7.2335433904405075,A,20.686651014323555,1.3312571795211794,Drying,Glass,87.83453370635496,2.0851131620050376,93.82999138401942,Train,1955.4851933932996,48.89856487678404,64.60388017635341,0,0.8624004683086928,5053.950152174718,444.7061282775892,0.9696351615963018,8.556623103067714,2.7374438114380784,74.6764005769318,8.512409940634384,Packaging,86.70375621627171,77.554515120121,41.54129462958125
FarmD_B_00084,tomato,FarmD_Field3,52.3905719848578,30.546251495291543,0.4380471837223121,134.94135154390767,6.867524653534057,46.472691731595326,90.68100796630847,2025-10-29,4.564252511258654,81.26498428542274,3.98702983713984,B,25.007847046272527,2.7229462374863074,Fresh,Cardboard,365.64795115489414,4.873273705907006,94.88027700301578,Ship,1109.3573818333327,39.14093074844404,39.08789753303842,0,10.732979668392687,817.0734715557705,50.821587775052876,0.512993833174985,8.180372879761048,2.7130975494585643,86.10886215417686,7.643093696669618,Packaging,92.81895423287568,67.73998985967532,40.581783875349345
FarmD_B_00085,corn,FarmD_Field1,54.5505615986093,22.500556075791746,148.76296098464502,298.76606081288,8.45643345609046,30.69660436160757,96.82598889193689,2025-11-14,6.178797202846595,86.6384074541415,11.3808251112993,B,12.141108713880428,14.384455397155666,Fresh,Aluminum,74.63600757860186,2.177366283817259,91.77745702870186,Ship,458.50505015046906,15.29372622674008,56.73642171628052,0,7.498538882301319,6265.581816314184,37.49940257144044,1.1792610167175526,4.400718862499018,3.872725491427568,87.65784905473228,8.052746680646019,Organic,90.35210383524446,67.80117885418251,73.05999395047994
FarmD_B_00086,corn,FarmD_Field2,31.0073498833291,27.00675432827772,51.1123919278881,298.0086823301285,7.237000797325113,23.485521502781815,96.56588481868039,2025-01-13,3.3394075293210594,79.95700422145691,8.802434125958827,B,21.33528193345746,18.0336301501624,Freezing,Plastic,415.0266262226057,1.2506243788421219,91.24498069140785,Air,182.7181527498986,29.636981795405504,47.91374696425017,0,9.107662917733581,3194.1681210309716,195.95820886935115,0.6328789335454237,7.413955280833474,2.486507842841152,89.14216111229632,7.7512509815302755,Organic,98.17662608341557,67.78411244841392,95.29936364124882
FarmD_B_00087,rice,FarmD_Field3,30.183733739088222,34.40254757646174,150.57068230128672,149.27208253938056,7.738550526730819,41.17329709279929,95.63702095818243,2025-04-05,6.927061517565232,79.66237056225125,3.33460635978322,B,12.142849294617879,11.291789498318952,Fresh,Aluminum,365.1730484150909,1.0872288976005557,96.06557860478881,Air,584.6157668045973,26.66872963245109,23.057305398362775,0,11.273592257974045,7695.002000220467,336.9811173509229,1.3127893328430473,7.984907233631807,2.513916904350051,77.03698109885144,8.55764589200164,Packaging,94.05708222491472,27.42038285928594,87.88070919726707
FarmD_B_00088,tomato,FarmD_Field1,57.251679243600584,16.39794595276913,44.72142924221516,194.58286733973185,7.38047046360693,30.223387945259937,96.98269686628336,2025-11-28,4.401519168168556,93.2235717192174,8.052387268861844,B,8.964372136656884,4.568938712412952,Drying,Cardboard,100.89008253594614,2.747321136847954,93.04209234486922,Ship,302.35940914343007,25.317759026840303,41.61214262309816,0,0.296633253700746,5644.9337152914295,305.7444615024624,0.5829554592011238,10.055502042880256,2.7848265597949586,81.0482418014312,7.678134245254978,Packaging,90.08132762945523,36.32766890255367,31.43174230856667
FarmD_B_00089,potato,FarmD_Field2,64.00844331896339,34.78290362525676,32.68289795122206,63.4310799481665,6.209663302105845,18.92559668123257,94.02653796417502,2025-05-09,3.6396166775477923,78.67534772702832,4.3298930973703555,B,19.799178942628476,10.912877870975521,Freezing,Aluminum,311.84211552623725,4.537627719712517,92.69178400512175,Truck,1008.4021390437435,46.02780838574916,36.88315071126558,0,3.29270204605559,9701.80697154221,329.07218528064743,0.8942689355516644,10.787823446723161,2.487717876868448,73.58300376335713,8.728877832164963,Packaging,96.7996450870004,33.30173073440305,43.90935560951019
FarmD_B_00090,lettuce,FarmD_Field3,34.85590862905214,22.09644840490911,64.55722522134664,84.76030784082192,8.36691750716373,29.586315576472828,96.96037506276663,2025-02-14,5.803793951676227,85.56489650648474,9.495170769089718,A,8.95960305332908,2.6567846237432686,Drying,Cardboard,350.84504952812995,2.183402633266802,94.7073691870541,Air,1266.63000466411,40.38484809831699,7.794294113086671,0,6.98655529370257,2217.1301949007284,325.2261820683278,1.4378058810431646,4.856651115282455,0.283536766658834,81.98330804778367,7.589249480918619,Packaging,82.8914675410179,31.48957309593472,73.69540299830507
FarmD_B_00091,tomato,FarmD_Field1,68.03320169019213,18.803575312116507,95.41857142732084,172.06306413834605,7.41852026583827,22.656431799251685,92.81658683253376,2025-08-15,7.993906468951234,71.06014182281811,4.13306884489932,B,29.94320283494736,4.849156597427679,Drying,Aluminum,402.5875579269802,4.116585916047862,95.72798582230138,Truck,1754.3618284881206,29.79422013457441,58.998318795040035,0,1.1860409428504726,2808.783017930013,66.92661722115697,1.1377218001659495,11.662152578789211,2.5910353628691496,80.46968914440423,7.147795834339028,Organic,87.23947114427668,40.02983973456604,77.49155651139449
FarmD_B_00092,tomato,FarmD_Field2,33.844929198799846,28.997461504399325,168.5797400478522,239.71925495029149,8.566674226340808,41.139165276950564,90.84999855948524,2025-03-28,3.783533659737653,71.26668335446129,5.344859782078729,A,21.876370190626925,9.348084446401469,Freezing,Aluminum,499.1113031803132,4.3108226944661645,91.9905769707241,Truck,1685.7357857486268,25.862523073164564,66.8056352655785,0,13.581265804953755,4319.393361227144,140.12440699321675,1.3798142349138498,4.654232634572012,0.18245284503064563,83.59568527941113,8.773294955460436,Organic,87.90308146424658,79.47291953959173,25.013285286519572
FarmD_B_00093,rice,FarmD_Field3,45.78748922143606,19.052717266369115,44.96728273105888,110.41794431530265,8.155380875540317,15.929641144725677,91.4879786614505,2025-07-07,6.643752011608567,76.67272477281438,3.2784846545139015,B,10.254933161823754,1.8836752477468166,Fresh,Plastic,264.8231805474942,4.135949807343803,93.74220241771475,Truck,592.6806391426185,31.763515512045394,43.95056774673418,1,9.545263301499677,5853.350889970123,340.902196235776,1.1932936783436412,11.043381130542397,2.497980029552928,83.54256105082327,7.7100434225962005,Mixed,96.578228022661,53.17298121672952,21.62737527919458
FarmD_B_00094,corn,FarmD_Field1,30.213844189968007,34.469269313559835,172.16633524032244,71.98192540643012,6.72941999670212,31.195741537612513,95.83035093654208,2025-09-19,3.863782061064499,94.91341442963326,9.49458137263368,A,15.537987581526535,18.095240147399405,Drying,Cardboard,150.39818107634488,1.9102283661145738,96.44275612627514,Truck,602.3029493730398,25.49033735511997,15.709834731693821,0,8.64090384204362,2229.4408130040797,68.41479465389796,1.4042325342587585,8.004249786630108,2.274770282822632,73.75553856735382,8.429826163918596,Packaging,90.5377336684855,22.536661892986942,84.32817097182479
FarmD_B_00095,lettuce,FarmD_Field2,40.67449268904314,28.032379391528863,129.43067956657742,208.53213928782003,6.284169046270599,20.763370743287624,96.72331992967662,2025-03-17,5.115615611710662,85.88356649316357,3.5133413164338974,A,22.328960317289273,2.580012359008803,Drying,Plastic,130.53467560796778,4.606985022875767,94.62257398408254,Air,782.7640806818562,19.114452767499277,27.53420574226615,0,4.9094439449001985,4202.640242853238,363.24852284284765,1.2591465442392726,11.883661883342716,1.38199019626151,83.80389398576673,7.269901804205768,Packaging,84.67712722640171,49.14985548782487,68.01139603708913
FarmD_B_00096,lettuce,FarmD_Field3,67.53888040153245,33.428727714213025,130.70460096206975,293.34675195570435,7.169992194162027,24.308913449021926,93.50635527514095,2025-02-11,7.631593061420456,79.47389097992551,2.1712638305327365,A,22.71030303912246,10.222567154236954,Canning,Plastic,126.19484132500372,1.7257041728295421,93.17581152380261,Truck,670.4394360700595,28.47304070006274,39.624277044282834,0,2.579998418234047,6569.8238539624635,479.56424821842205,0.8082738216493854,5.293634750237421,1.8369312792712533,77.27617787797438,8.453685116225255,Mixed,97.97816426607943,35.38447756360536,56.60120818200491
FarmD_B_00097,potato,FarmD_Field1,41.322365825155956,26.100177407942503,172.98778538023737,156.07109377860093,7.37295110634502,35.59844930607126,96.47193000531931,2025-11-10,2.900000508409691,70.26779630670688,10.6640710055808,A,5.612141948691542,2.9228019615792644,Drying,Glass,485.8335424388607,2.106772155943903,91.71066923829423,Train,143.79106343814684,35.956532728577685,44.24997969733838,0,13.620063518258176,2181.2634328696877,226.69276103612032,0.5995994686526339,5.793441565649369,0.8865592074828682,70.21247848509407,8.86665193179421,Packaging,89.11587531284916,66.369562197688,9.564616599900756
FarmD_B_00098,lettuce,FarmD_Field2,37.70431511466377,33.28273315147889,157.33887591188713,259.57156376212714,6.239692041614909,20.609042583574386,92.42760079190779,2025-03-15,4.360658732213954,80.93393103431349,10.695399662152901,A,10.733017154174055,3.682184904303022,Fresh,Aluminum,468.05433274445187,3.534697230307408,90.51888572898913,Air,240.57526691377976,25.241216379648716,34.755324831648934,0,2.133684723948484,6780.541303465536,345.8125967180156,0.5807905171554795,6.366591726118365,4.355313647049151,94.00505258188458,7.546174244989357,Packaging,80.46063142160203,73.47096967038112,41.07630872057666
FarmD_B_00099,wheat,FarmD_Field3,48.97350379145172,24.538306644821354,129.67961607606858,268.0416479302902,8.03307504991032,34.31761912163117,91.0203863899349,2025-03-03,7.254229112785076,84.88992133527651,2.5028042604450658,A,21.12599134358028,2.5882289556980087,Canning,Aluminum,406.97052949376655,1.8082248956660885,93.15619952673127,Train,1357.8378554395554,16.80657383241668,53.91823666460671,0,11.831584687607364,1683.563416086496,164.59225197779395,1.0939516154006141,7.705561938853943,2.9030166825292216,94.28087393538289,7.502206602619106,Organic,98.82267529175802,62.92383847912582,88.78519030854159
FarmD_B_00100,tomato,FarmD_Field1,60.50576088750895,16.70261345910431,46.91035945323594,260.16105931169557,6.929531483058373,30.56466172416279,90.20800944267705,2025-05-01,2.9855054104173737,73.78603780312864,2.1796847301446336,A,19.479710931374683,17.66102022572066,Drying,Glass,361.72063195499675,4.520842000487674,94.11933886347049,Air,1288.769320614259,31.266343130238546,30.46386858305889,1,10.621280546783456,2469.7671419080643,344.639317202454,0.8582690436378716,11.931320710759307,0.5683188398706812,79.4377909145881,8.306766572059578,Mixed,90.8723494065301,31.75057058192186,56.89763309460603
FarmD_B_00101,tomato,FarmD_Field2,31.745654957009492,22.649743234068126,34.472169306190345,228.64640895424714,6.013445395523423,23.62070732241473,95.14565439016619,2025-09-23,2.258581770690496,77.08689567287144,10.621937848839739,A,24.705010131074065,5.6036500546278525,Drying,Cardboard,464.207496667146,4.701615133352298,95.19107904142538,Train,1663.378821143765,18.462055387756827,57.67653264664677,0,2.6581691902253537,6759.400824425859,11.219744031701003,1.4569054609804184,5.089938901095441,4.832700419200789,97.96262377595451,7.014316264673464,Mixed,90.63394599426654,71.97415630515371,50.4314631344336
FarmD_B_00102,rice,FarmD_Field3,39.70399231848954,20.8676909572651,143.4614153732939,155.80183708058647,6.383201691391032,13.826497321747087,93.22897908374286,2025-10-08,3.54966055907917,85.03146411615974,4.100350358327372,A,28.008891706337216,11.124588795469665,Drying,Cardboard,381.1724131794803,2.1404153654008975,96.84645041707392,Ship,189.7496015287827,45.47539823704365,29.47917153610343,0,0.8116923615086591,7075.17542457561,344.6138485429285,0.6740395302431756,8.93979985508119,0.24076141323077005,79.98969755512377,7.674172340761262,Packaging,97.50436319626726,36.79175467768273,11.608566469748126
FarmD_B_00103,lettuce,FarmD_Field1,66.60326394567423,23.87297962731605,43.382265770997485,173.75081946117047,8.866541905297563,44.097516608372594,94.62277434309456,2025-02-09,7.779152692262595,86.27363657814425,4.78311638824484,B,28.780150861895855,17.621642969517254,Freezing,Glass,212.0084476337263,4.430683200120299,91.32880626247942,Train,1051.6438261334733,21.211326178735785,30.485784568251905,0,12.220220462948962,3543.636409344494,285.88945030208436,1.060575485051069,10.642884509304052,4.871618073765949,84.0614453715304,8.216500819062283,Mixed,85.2493753560553,60.68378369501299,46.0593985729855
FarmD_B_00104,potato,FarmD_Field2,40.2329905596479,30.978736211895516,79.39392561939418,144.3096599384402,6.566036068866609,32.96812706820586,94.7438767657271,2025-03-13,4.114371798179045,72.46474816626002,8.925350475209825,B,25.85923914015458,4.774293294907082,Fresh,Aluminum,432.19054615881123,3.4468143015236534,91.15769400632573,Truck,908.624491168919,36.64478095034397,51.348296070039275,0,8.305960796421784,1933.5948151065102,247.25319308292325,1.2998364730025682,3.2027715889742057,3.859448111235353,73.0252265308232,8.127019371082078,Packaging,97.97451351711867,50.71947328806719,36.36625398154779
FarmD_B_00105,potato,FarmD_Field3,53.942196633593056,33.14676124469223,114.37822474807837,72.81954230295419,8.241027354725695,12.219784167078194,90.91686122648419,2025-11-11,6.801830250280504,94.23696327133155,9.144746403248526,B,6.636582632821118,1.536781841663613,Drying,Glass,363.14919866277614,2.9643952431363285,96.52580280839227,Truck,596.0449826960241,25.05377853479006,30.541510491450637,0,2.8400109244425127,3017.5958104094875,404.6825342196536,1.450927418328758,7.5042610874319475,4.301463150188788,71.90899749033846,8.09535876513236,Mixed,87.84368391014723,54.46954872179688,22.667917641470613
FarmD_B_00106,corn,FarmD_Field1,69.39943318227527,28.660853199561416,35.66933534582544,178.00763361270924,6.727195947646207,41.405333632737836,91.6105353019736,2025-04-18,4.519820742922671,82.1858372301529,5.794108672327035,A,26.056493718156528,1.3295892073640192,Canning,Plastic,386.95135975109804,3.855321434248727,92.04996437914306,Ship,508.17020839128577,33.439645392849656,46.22945224403314,0,12.213506716489098,782.7910354667422,339.07869766490563,1.1383633060181282,3.3478818272156166,0.04299139813215613,80.20608549620434,8.970382785071255,Packaging,94.68218229172506,42.06265030573931,64.17005229322228
FarmD_B_00107,lettuce,FarmD_Field2,67.74567706451185,16.45580754102734,77.96904287259974,279.67249231009635,7.796486878483906,15.672186482664525,91.70127392195899,2025-08-31,6.625858320759753,89.33117621960074,8.551279558043197,B,18.97829636671284,5.028955146105808,Drying,Cardboard,330.9352520718884,1.2740517207779174,90.02327670542246,Ship,554.0893209535936,31.802647757204387,24.503776360688295,0,8.78995090216875,6937.153068811934,14.126092317063874,0.5639274450194596,7.231355511096045,3.089665699556904,75.62967376045214,8.751241236481048,Organic,81.08087120081211,23.436275293529743,1.0377886771660405
FarmD_B_00108,potato,FarmD_Field3,58.66584658352354,27.563034373985047,176.4166066247634,119.28046251337575,8.999350714212346,10.601082822555949,95.01709490524127,2025-11-15,6.0597815282435885,85.53347120956526,3.029976707636675,B,9.09461996752485,19.02856468782673,Fresh,Cardboard,483.3067720257794,4.200471852531637,94.78742010655965,Ship,900.1469692941694,41.16648707832394,46.48192408325635,0,11.2590589692104,5116.850555257268,153.95943164600212,1.0830552617888227,8.654608667542016,4.475025349535422,96.76520274106592,7.609888808720346,Organic,87.48595715234448,19.119025523679124,69.6681158501385
FarmD_B_00109,potato,FarmD_Field1,37.99866568477671,30.791678355810717,52.1417356649454,179.5976867086129,6.841936181278277,17.44752502481109,95.40380286197403,2025-11-10,2.4883406286301284,75.73525515369572,7.498830312120146,B,7.198641249798844,3.9118656678422203,Fresh,Glass,164.31667495539423,2.6622720129596216,96.79918007075594,Train,262.7187986798037,21.666874168367194,58.805978946686245,0,9.809550756503159,8376.987228322236,72.26428132646828,0.5003224033459845,6.747927706218919,1.118018064862682,88.04718051342392,7.967846482207886,Organic,82.28335837836386,27.49672187792964,44.23843925551206
FarmD_B_00110,rice,FarmD_Field2,67.309268974204,34.668997558903385,49.90008247159745,281.02776007113897,8.721360817789678,21.118926130782253,95.19903222916011,2025-06-23,3.800072723032588,94.54611648919095,7.028824790801277,B,23.64897409215783,2.902149996461406,Canning,Plastic,280.1202273470201,1.8711589146682717,92.99585985630308,Air,1385.99531976624,49.046735725719905,29.168828048381716,0,11.65127822243332,1799.1667585786115,205.16558807721836,1.1413174136932742,4.640021107976411,0.8629714973775149,92.46408601232864,7.779702641849658,Packaging,82.03448115094722,69.17853271422743,87.42062532320693
FarmD_B_00111,wheat,FarmD_Field3,46.27317955677157,18.02193414697919,193.4376492288889,128.53472330075402,8.127281163834153,37.06402660056454,94.45188597317097,2025-08-18,2.7452408450319745,94.42456819610065,3.559214202058775,A,15.602693181180237,16.3490185572375,Canning,Cardboard,316.61048178352183,3.126982502702034,94.55481085595109,Truck,564.9532945453643,17.78032565912288,13.878985703923583,0,2.1984882753684087,9953.865386110012,129.07655796515897,0.6258066993923984,5.328958517382418,1.9235921528492583,90.58632848577466,8.434314044966401,Organic,81.45178708428617,14.93176024462085,8.66383144485604
FarmD_B_00112,corn,FarmD_Field1,37.4445651876642,28.56995761220516,117.45086621729148,208.5634338233801,6.3609855736320915,28.78234922838456,90.26611669608161,2025-03-23,7.529240790033871,83.69507534762589,9.30451070073972,B,20.09364044718483,2.0847011162859768,Freezing,Plastic,345.92105530041385,2.243581147105113,93.12641174105808,Train,462.1899718097367,29.90734435938941,34.06468040751842,0,3.136475984870624,4995.934980333027,331.3508749082261,1.099033822944231,4.721440011327084,2.599860101535236,87.23830291904603,8.698748934142586,Mixed,94.37504262844489,27.494514102309637,22.3392252035427
FarmD_B_00113,lettuce,FarmD_Field2,38.24390580052517,27.993626440332893,19.063454102453182,53.56305727315792,6.893019412819603,16.297767828666302,91.00534838469716,2025-03-22,2.2823454572621955,76.26439487057121,9.943368521089678,A,20.300122466817555,18.591810975599067,Fresh,Aluminum,459.9616641516898,4.522042687808256,94.77600542459355,Air,577.6859890163031,32.42191990647508,54.28837510628275,0,13.67520493800334,2549.781023057496,121.67820125377335,1.103953546709404,4.702532162378604,2.4072804947123005,94.39073393009124,8.042259598355823,Packaging,97.53706601113534,77.04699340680985,27.72588446970673
FarmD_B_00114,lettuce,FarmD_Field3,57.71345345707347,31.40707318475322,174.73186604485767,253.21937704507158,6.236861277331104,44.23853471223953,92.45232260304299,2025-06-25,6.07401827578143,71.53700530781913,2.39191245901814,B,19.646445917200467,1.6809055351404059,Canning,Plastic,401.7704677570575,3.521431618590991,95.89750952424305,Ship,1667.437988409969,32.82501486946752,32.71121199317849,0,7.463763207756604,1997.3040743894862,336.4311874241337,1.0908178300204427,5.425245602219761,0.37812909473449785,85.39743079621586,8.23888144222932,Packaging,82.17418514122575,68.65417405615743,83.41231703832567
FarmD_B_00115,rice,FarmD_Field1,43.78593173354392,19.020533461411087,41.73629790810023,139.3414779433583,8.268355106903558,25.32112300366012,93.38994870401534,2025-03-22,4.326198554194758,91.91360383899168,3.3211458541145573,B,8.244221160944576,10.748778521811222,Freezing,Cardboard,305.98689648885113,3.3258228472753872,94.35263543321264,Truck,1041.1158239469073,29.19774069889098,19.303390108178974,0,6.161227236733341,3100.3669991124934,397.94649669433164,1.3150778305775706,4.811072468360043,3.40854505758978,88.63442874390094,7.680949926636908,Organic,94.5522408874457,28.192633701888337,41.77901881965491
FarmD_B_00116,lettuce,FarmD_Field2,48.97177893570124,34.764276082028076,170.89721116887526,172.71544978987495,7.011949074242459,35.20588841644519,93.01235392043934,2025-06-11,5.880621670526835,87.65782518442111,8.57884550400506,A,9.163365091815564,2.850623013304378,Fresh,Glass,379.841981983654,1.8795729835432917,94.63109912877964,Ship,1281.776890744863,44.558463646265,34.66374190758332,0,13.290920095794602,4434.3463948787075,398.99515686028565,1.4360472051699595,7.843470868174963,1.3112316589495743,98.8087820279875,8.522532990965342,Mixed,89.78555525076771,54.38461013628959,84.60592023624916
FarmD_B_00117,rice,FarmD_Field3,37.12596203197255,25.27019826722561,25.79850089028195,123.49404810693349,7.675711636802741,45.937666456291375,93.45173027418906,2025-02-01,4.5417972548411925,74.08791041106811,9.814147719116537,C,11.861149864430047,4.253087935908171,Freezing,Plastic,84.03749358473016,2.312775124113239,91.74137111414197,Truck,692.6737713084952,48.4547643806291,57.099422048868995,0,6.015615594390696,6018.676239597394,176.6403071987239,0.9950575141910083,6.0981540393336395,0.6947731304251875,93.55888213157873,8.68952672820812,Packaging,81.51489795170836,59.727739556162426,7.602183615312219
FarmD_B_00118,tomato,FarmD_Field1,43.62115754821123,17.322881976768524,144.6364341984759,245.3895040350692,8.378742461176873,45.729678668071514,93.37764750629019,2025-10-22,2.7224433494353724,87.9669294520442,9.397487575680174,A,24.842342304739503,14.517573059989507,Canning,Plastic,137.78275724031988,2.073247887909987,93.12549709296796,Truck,136.64707796565938,25.956249797201785,53.54521766265843,0,4.933435332441923,1097.482507403205,460.70837907553863,1.0387203285512139,6.517971919860069,4.76022687703299,93.76428253652045,8.507541902619348,Mixed,83.32571635439038,36.15710756128652,87.78243282749312
FarmD_B_00119,tomato,FarmD_Field2,46.169900758274295,25.980112081897673,170.64688531625816,157.08064491813667,7.836494407587863,17.40267473084711,94.3118891473934,2025-06-11,5.8181533068207365,84.37165383838283,2.2492958321952985,A,28.612302017210677,19.118879015516676,Freezing,Cardboard,487.09500811116783,4.832093524284945,92.98137948391319,Ship,1518.3379695276415,37.665037233371734,31.09427444452873,0,13.509817377916228,2643.902194061199,19.482382733350477,1.213095705668875,7.185494590621628,4.196048776390525,73.76357043966394,7.433750941692109,Packaging,94.52433191146206,79.15749414873207,69.39602332303052
FarmD_B_00120,corn,FarmD_Field3,42.28447314090843,16.65652466002068,131.7520063333712,223.37967258459727,6.683141959464334,12.87574510463271,93.06415166227701,2025-05-02,5.74255203256021,88.23678386675716,3.352166081935687,A,16.61134364307162,12.322637864247932,Drying,Cardboard,221.67928225969467,1.0097074956647965,96.8035396700598,Train,1595.468608941177,47.097288457812844,62.67379631468448,0,13.16538789011002,2664.6204962967886,206.986536406666,1.277244850926576,4.552063796309082,4.370894006399685,90.05140970196113,8.946516633084439,Packaging,96.95515719852482,33.205443056964285,46.31122273794529
FarmD_B_00121,corn,FarmD_Field1,47.961845040107036,16.86037673370067,62.20841430876225,114.59882489861354,7.265701671632014,30.986220666139864,91.38258816626512,2025-07-22,2.0323205926211676,75.20082779200607,4.507304183259192,A,27.566340158298043,13.577233438167722,Freezing,Plastic,263.1990919271516,1.1226164735554391,96.40170260489948,Ship,1893.5476792984239,39.15705577728601,2.519988709420045,0,14.280100478727404,1548.8476059574596,284.15212177390697,0.5043694457511797,10.464592493822105,4.37674193559444,86.5730234770594,7.214148694362969,Organic,90.54709988909427,22.414184525484487,89.32349030815779
FarmD_B_00122,potato,FarmD_Field2,57.375670197061396,17.619239856384667,111.3656250633396,213.80172158261686,6.598004353505506,23.57032449539671,96.71267501265187,2025-09-03,4.553838303261946,92.19780798454656,8.748106371161132,A,6.538624998681137,19.90598384475238,Fresh,Aluminum,147.1469772788978,2.894377661668971,92.95939390720979,Truck,359.54131246686194,24.9855821765345,21.124271438397205,0,3.7193963847003415,2820.5869030872245,419.32992984956405,1.3211877188917438,10.3118607130682,0.6200427410233073,89.46327039030942,7.219250976915818,Organic,89.66218181754991,52.234935240446966,45.10870983147569
FarmD_B_00123,lettuce,FarmD_Field3,30.715817303662977,24.223916264106695,54.280554006700484,88.13964140281084,8.718159595945828,27.814253212582905,94.34636299840017,2025-01-20,3.5585812896551587,70.05520280632943,2.6129931508029163,C,29.914578090445307,9.31555247161788,Freezing,Glass,359.72618944373716,1.5043636801885367,91.94392253267664,Air,1895.8853873361,25.42756154030723,14.267692860319283,0,11.197764819107595,1241.5350744326565,340.39457208240003,0.5079550405782272,6.081024658917829,0.4770606264361499,92.39063654605036,8.037886583899951,Mixed,97.6007857791495,56.04337123582421,37.21792090787949
FarmD_B_00124,rice,FarmD_Field1,30.958323534232925,25.98011691594687,104.83069333848472,118.19467206497062,7.635813004600388,11.810380845719823,96.06993569141417,2025-05-28,4.494797979497934,88.4522253376694,3.2468026030116452,B,14.479009848137771,17.54232063173797,Freezing,Glass,196.4765842278111,4.753466087140968,96.54859925387233,Air,168.20136956861097,24.073916380270063,52.77683578046638,0,5.3907145833831,7816.099407856929,458.5670070120023,1.0869460159247488,11.288314518563052,3.566751906293251,90.51446641360388,8.857395784990622,Mixed,88.4490864595518,78.1100664479112,88.62152288571662
FarmD_B_00125,lettuce,FarmD_Field2,44.44632809129401,26.176055273425018,115.04815744803972,212.6206779945668,7.63979658816471,15.927313413264454,90.95872045314493,2025-07-29,3.538808672957629,87.49289128507498,6.2549410945192765,A,17.39678822323854,13.876029334447674,Fresh,Cardboard,139.1322333677482,3.9275401555517746,95.81240466769519,Ship,1979.959967137842,26.25163242749458,2.10116501244674,0,6.0309936433295785,9518.671841748504,373.97909764801574,1.3945313224389535,9.355449531092166,2.4613317701010553,73.19407956976816,8.35258992182793,Packaging,97.13939125165244,20.966700192239358,85.30118106102573
